link,tags,description_ru,short_description_ru,description_en,short_description_en,text
https://cdn-st.rutubelist.ru/media/b0/e9/ef285e0241139fc611318ed33071/fhd.mp4,"#–Ω–∞—Ä–µ–∑–∫–∏—Å—Ç—Ä–∏–º–æ–≤ , #dota2 , #cs2 , #fifa23 , #minecraft , #–º–∞–π–Ω–∫—Ä–∞—Ñ—Ç , #–≥–µ–Ω—à–∏–Ω , #genshin","–ì—Ä—É–ø–ø–∞ –º—É–∂—á–∏–Ω, –∏–≥—Ä–∞—é—â–∏—Ö –≤ –∏–≥—Ä—É –≤ —Ñ—É—Ç–±–æ–ª. –ì—Ä—É–ø–ø–∞ –ª—é–¥–µ–π, –∏–≥—Ä–∞—é—â–∏—Ö –≤ –∏–≥—Ä—É –≤ —Ñ—É—Ç–±–æ–ª. –ì—Ä—É–ø–ø–∞ –¥–µ—Ç–µ–π, –∏–≥—Ä–∞—é—â–∏—Ö –≤ —Ñ—É—Ç–±–æ–ª –Ω–∞ –ø–æ–ª–µ. –ë–µ–π—Å–±–æ–ª–∏—Å—Ç –±–µ–∂–∏—Ç, —á—Ç–æ–±—ã –ø–æ–π–º–∞—Ç—å –º—è—á. –ì—Ä—É–ø–ø–∞ –º—É–∂—á–∏–Ω, –∏–≥—Ä–∞—é—â–∏—Ö –≤ –∏–≥—Ä—É –≤ –±–µ–π—Å–±–æ–ª. –ñ–µ–Ω—â–∏–Ω–∞ –≤ —Å–∏–Ω–µ–π —Ä—É–±–∞—à–∫–µ –∏ –æ—Ä–∞–Ω–∂–µ–≤—ã—Ö —à–æ—Ä—Ç–∞—Ö –∏–≥—Ä–∞–µ—Ç –≤ —Ñ—É—Ç–±–æ–ª.","–ì—Ä—É–ø–ø–∞ –ª—é–¥–µ–π, –∏–≥—Ä–∞—é—â–∏—Ö –≤ –∏–≥—Ä—É –≤ —Ñ—É—Ç–±–æ–ª.",A group of men playing a game of soccer. A group of people playing a game of soccer. A group of kids playing soccer on a field. A baseball player is running to catch a ball. A group of men playing a game of baseball. A woman in a blue shirt and orange shorts playing a game of soccer.,A group of people playing a game of soccer.," –ò–¥—ë–º, –∏–¥—ë–º, –∏–¥—ë–º, –ò–¥—ë–º, –∏–¥—ë–º, –∏–¥—ë–º, –ò–¥—ë–º, –∏–¥—ë–º, –∏–¥—ë–º, –ò–¥—ë–º, –∏–¥—ë–º, –∏–¥—ë–º, –ò–¥—ë–º, –∏–¥—ë–º, –∏–¥—ë–º, –ò–¥—ë–º, –∏–¥—ë–º, –∏–¥—ë–º, –ò–¥—ë–º, –∏–¥—ë–º, –∏–¥—ë–º,"
https://cdn-st.rutubelist.ru/media/39/6c/b31bc6864bef9d8a96814f1822ca/fhd.mp4,ü§´–ù–ï –í–í–û–î–ò –≠–¢–£ –ö–û–ú–ê–ù–î–£ –í –†–û–ë–õ–û–ö–° ! #shorts #roblox #—Ä–æ–±–ª–æ–∫—Å,"–ß–µ–ª–æ–≤–µ–∫, –µ–¥—É—â–∏–π –Ω–∞ –≤–µ–ª–æ—Å–∏–ø–µ–¥–µ –Ω–∞ —Ç—Ä–æ—Ç—É–∞—Ä–µ. –ß–µ–ª–æ–≤–µ–∫ –≤ –º–∞—Å–∫–µ –∏ –¥–µ—Ä–∂–∏—Ç –±–∞–Ω–∞–Ω. –ò–≥—Ä—É—à–µ—á–Ω—ã–π –ø–æ–µ–∑–¥ —Å –≥–∏–≥–∞–Ω—Ç—Å–∫–∏–º —Ä–æ–±–æ—Ç–æ–º –Ω–∞ –Ω–µ–º. –ö—É–∫–ª–∞ —Ñ–∏–≥—É—Ä–∞ —Å –±–µ–π—Å–±–æ–ª—å–Ω–æ–π –±–∏—Ç–æ–π –Ω–∞ —Å—Ç—É–ª–µ. –ú—É–∂—á–∏–Ω–∞ —Å —á–µ—Ä–Ω–æ–π —Ä—É–±–∞—à–∫–æ–π –∏ –æ—á–∫–∞–º–∏ –¥–µ—Ä–∂–∏—Ç –∫–æ–Ω—Ç—Ä–æ–ª–ª–µ—Ä –≤–∏–¥–µ–æ–∏–≥—Ä. –†–∞–∑–º—ã—Ç–∞—è —Ñ–æ—Ç–æ–≥—Ä–∞—Ñ–∏—è —á–µ–ª–æ–≤–µ–∫–∞ —Å –∫–æ—à–∫–æ–π –Ω–∞ –≥–æ–ª–æ–≤–µ. –ß–µ–ª–æ–≤–µ–∫ –µ–∑–¥–∏—Ç –Ω–∞ –≤–µ–ª–æ—Å–∏–ø–µ–¥–µ –Ω–∞ –≤–µ—Ä—à–∏–Ω–µ –∫—Ä–∞—Å–Ω–æ–≥–æ —Å—Ç—É–ª–∞. –ò–≥—Ä—É—à–µ—á–Ω—ã–π –≤–µ–ª–æ—Å–∏–ø–µ–¥ –µ–¥–µ—Ç –Ω–∞ —Å–∏–Ω–µ–π —Å—Ç–µ–Ω–µ. –ß–µ–ª–æ–≤–µ–∫ –≤ –º–∞—Å–∫–µ –∏ –¥–µ—Ä–∂–∏—Ç —Å–Ω–æ—É–±–æ—Ä–¥. –ß—É–¥–æ—á–Ω–∞—è –∂–∏–≤–æ—Ç–Ω–∞—è –æ–¥–µ—Ç–∞ –∫–∞–∫ –ø–∏—Ä–∞—Ç.",–ß–µ–ª–æ–≤–µ–∫ –≤ –º–∞—Å–∫–µ –∏ –¥–µ—Ä–∂–∏—Ç —Å–Ω–æ—É–±–æ—Ä–¥.,A person riding a bike on a sidewalk. A person wearing a mask and holding a banana. A toy train with a giant robot on it. A doll figure with a baseball bat on a chair. A man with a black shirt and glasses is holding a video game controller. A blurry photo of a person with a cat on their head. A man riding a bike on top of a red chair. A toy bicycle is riding on a blue wall. A person wearing a mask and holding a snowboard. A stuffed animal is dressed up as a pirate.,A person wearing a mask and holding a snowboard.," –°–µ–π—á–∞—Å —è —Ç–µ–±–µ –ø–æ–∫–∞–∂—É —Å–µ–∫—Ä–µ—Ç–Ω—É—é –∫–æ–º–∞–Ω–¥—É –≤ –†–æ–±–ª–æ–∫—Å–µ. –ß—Ç–æ–±—ã –µ—ë –∞–∫—Ç–∏–≤–∏—Ä–æ–≤–∞—Ç—å, –ø–æ—Å—Ç–∞–≤—å –ª–∞–π–∫ –∏ –ø–æ–¥–ø–∏—à–∏—Å—å, –∞ —Ç–∞–∫–∂–µ –≤–≤–µ–¥–∏ –≤ —á–∞—Ç –∫–æ–º–∞–Ω–¥—É ILOVEYOU. –ö–æ–≥–¥–∞ –≤—ã –µ—ë –≤–≤–µ–¥—ë—Ç–µ, —É –≤–∞—Å –Ω–∞ —ç–∫—Ä–∞–Ω–µ –ø–æ—è–≤–∏—Ç—Å—è –≤–æ—Ç —Ç–∞–∫–æ–π –∫–ª–æ—É–Ω. –°–∫—Ä–∏–ø—Ç –±—ã–ª —Å–æ–∑–¥–∞–Ω –æ–¥–Ω–∏–º –∏–∑ —Å–æ–∑–¥–∞—Ç–µ–ª–µ–π –†–æ–±–ª–æ–∫—Å–∞ –∏ —Ä–∞–±–æ—Ç–∞–µ—Ç —Ç–æ–ª—å–∫–æ –≤ –∏–≥—Ä–∞—Ö, –≥–¥–µ –µ—Å—Ç—å –†–æ–±–ª–æ–∫—Å –î–µ–≤–µ–ª–æ–ø–µ—Ä –°–µ—Ä–≤–∏—Å. –ß—Ç–æ–±—ã –±—Ä–∞—Ç—å —Å–∫—Ä–∏–º–µ—Ä –Ω—É–∂–Ω–æ –≤—Å–µ–≥–æ-—Ç–æ –≤—ã–π—Ç–∏ –∏–∑ –∏–≥—Ä—ã, –Ω–æ –ª—É—á—à–µ –Ω–µ –ø—Ä–æ–≤–µ—Ä—è–π."
https://cdn-st.rutubelist.ru/media/e9/e0/b47a9df14a5e97942715e5e705c0/fhd.mp4,"#boobs , #–∫—Ä–∞—Å–∏–≤—ã–µ–¥–µ–≤—É—à–∫–∏ , #ass",–ñ–µ–Ω—â–∏–Ω–∞ —Å —á–µ—Ä–Ω—ã–º–∏ –≤–æ–ª–æ—Å–∞–º–∏ –∏ –±–µ–ª—ã–º –ª–∏—Ü–æ–º. –ñ–µ–Ω—â–∏–Ω–∞ —Å–º–æ—Ç—Ä–∏—Ç –Ω–∞ —Å–≤–æ–π —Ç–µ–ª–µ—Ñ–æ–Ω –≤ –∫–æ–º–Ω–∞—Ç–µ. –ñ–µ–Ω—â–∏–Ω–∞ —Å–º–æ—Ç—Ä–∏—Ç –Ω–∞ —Å–≤–æ–π —Ç–µ–ª–µ—Ñ–æ–Ω –≤ –≥–æ—Å—Ç–∏–Ω–∏—á–Ω–æ–º –Ω–æ–º–µ—Ä–µ. –ñ–µ–Ω—â–∏–Ω–∞ —Å —Ç–∞—Ç—É–∏—Ä–æ–≤–∫–æ–π –Ω–∞ –ª–∏—Ü–µ –∏ —á–µ—Ä–Ω–æ -–±–µ–ª–æ–π —Ñ–æ—Ç–æ–≥—Ä–∞—Ñ–∏–µ–π –µ–µ. –ñ–µ–Ω—â–∏–Ω–∞ –∏ –¥–µ–≤—É—à–∫–∞ –ª–µ–∂–∞—Ç –≤ –ø–æ—Å—Ç–µ–ª–∏. –ñ–µ–Ω—â–∏–Ω–∞ —Å —Ç–∞—Ç—É–∏—Ä–æ–≤–∫–æ–π –Ω–∞ –ª–∏—Ü–µ –∏ –º—É–∂—á–∏–Ω–∞ —Å –º–∞—Å–∫–æ–π –Ω–∞ –≥–æ–ª–æ–≤–µ.,–ñ–µ–Ω—â–∏–Ω–∞ —Å —á–µ—Ä–Ω—ã–º–∏ –≤–æ–ª–æ—Å–∞–º–∏ –∏ –±–µ–ª—ã–º –ª–∏—Ü–æ–º.,A woman with a black hair and a white face. A woman is looking at her phone in a room. A woman is looking at her phone in a hotel room. A woman with a tattoo on her face and a black and white photo of her. A woman and a girl are laying in bed. A woman with a tattoo on her face and a man with a mask on his head.,A woman with a black hair and a white face., –°—É–±—Ç–∏—Ç—Ä—ã —Å–¥–µ–ª–∞–ª DimaTorzok
https://cdn-st.rutubelist.ru/media/87/43/b11df3f344d0af773aac81e410ee/fhd.mp4,,"–ñ–µ–Ω—â–∏–Ω–∞, –¥–µ—Ä–∂–∞—â–∞—è –º–æ–±–∏–ª—å–Ω—ã–π —Ç–µ–ª–µ—Ñ–æ–Ω —Ä—è–¥–æ–º —Å —Ç–æ—Ä—Ç–æ–º. –ñ–µ–Ω—â–∏–Ω–∞, —Å–∏–¥—è—â–∞—è –∑–∞ —Å—Ç–æ–ª–æ–º —Å —Ç–æ—Ä—Ç–æ–º. –ñ–µ–Ω—â–∏–Ω–∞, —Å–∏–¥—è—â–∞—è –∑–∞ —Å—Ç–æ–ª–æ–º —Å –∫–Ω–∏–≥–æ–π. –ñ–µ–Ω—â–∏–Ω–∞ —Å–∏–¥–∏—Ç –∑–∞ —Å—Ç–æ–ª–æ–º —Å –∫—É—á–µ–π –Ω–∞–∫–ª–µ–µ–∫ –Ω–∞ –Ω–µ–º. –ñ–µ–Ω—â–∏–Ω–∞ —Å–∏–¥–∏—Ç –∑–∞ —Å—Ç–æ–ª–æ–º —Å —Ç–æ—Ä—Ç–æ–º. –ñ–µ–Ω—â–∏–Ω–∞, —Å–∏–¥—è—â–∞—è –∑–∞ —Å—Ç–æ–ª–æ–º —Å —Ç–æ—Ä—Ç–æ–º –∫–æ –¥–Ω—é —Ä–æ–∂–¥–µ–Ω–∏—è. –ñ–µ–Ω—â–∏–Ω–∞ —Å–∏–¥–∏—Ç –∑–∞ —Å—Ç–æ–ª–æ–º —Å –Ω–æ—É—Ç–±—É–∫–æ–º. –ñ–µ–Ω—â–∏–Ω–∞, —Å–∏–¥—è—â–∞—è –∑–∞ —Å—Ç–æ–ª–æ–º —Å –∫–ª–∞–≤–∏–∞—Ç—É—Ä–æ–π –∏ –º—ã—à—å—é. –ñ–µ–Ω—â–∏–Ω–∞ —Å–∏–¥–∏—Ç –∑–∞ —Å—Ç–æ–ª–æ–º —Å –∫–Ω–∏–≥–æ–π. –ñ–µ–Ω—â–∏–Ω–∞, –¥–µ—Ä–∂–∞—â–∞—è –º–æ–±–∏–ª—å–Ω—ã–π —Ç–µ–ª–µ—Ñ–æ–Ω –ø–µ—Ä–µ–¥ –∫–∞—Ä—Ç–∏–Ω–æ–π. –ñ–µ–Ω—â–∏–Ω–∞ —Å–∏–¥–∏—Ç —Å –∏–≥—Ä–æ–≤—ã–º –∫–æ–Ω—Ç—Ä–æ–ª–ª–µ—Ä–æ–º.","–ñ–µ–Ω—â–∏–Ω–∞, —Å–∏–¥—è—â–∞—è –∑–∞ —Å—Ç–æ–ª–æ–º —Å –∫–ª–∞–≤–∏–∞—Ç—É—Ä–æ–π –∏ –º—ã—à—å—é.",A woman holding a cell phone next to a cake. A woman sitting at a table with a cake. A woman sitting at a table with a book. A woman is sitting at a table with a bunch of stickers on it. A woman is sitting at a table with a cake. A woman sitting at a table with a birthday cake. A woman is sitting at a table with a laptop. A woman sitting at a desk with a keyboard and mouse. A woman is sitting at a table with a book. A woman holding a cell phone in front of a painting. A woman is sitting down with a game controller.,A woman sitting at a desk with a keyboard and mouse.," –ß—Ç–æ –æ–Ω –æ —Ç–µ–±–µ –¥—É–º–∞–µ—Ç –ø—Ä—è–º–æ —Å–µ–π—á–∞—Å? –°–ª—É—à–∞–π, –¥—É–º–∞–µ—Ç, —á—Ç–æ —Ç—ã, –∑–Ω–∞–µ—à—å, –¥–ª—è –Ω–µ–≥–æ –Ω–µ–ø–æ—Å–∏–ª—å–Ω–∞—è –Ω–æ—à–∞. –ö–∞–∫ –±—É–¥—Ç–æ –±—ã, –¥–∞, –∫–æ—Ä–æ–ª–µ–≤–∞ –º–µ—á–µ–π. –ß—É–≤—Å—Ç–≤—É–µ—Ç —Ç–æ, —á—Ç–æ —Ç—ã –ø–æ —Ö–∞—Ä–∞–∫—Ç–µ—Ä—É –≥–æ—Ä–∞–∑–¥–æ —Å–∏–ª—å–Ω–µ–µ, –∏ —Ç–æ, —á—Ç–æ –µ–º—É —Å —Ç–æ–±–æ–π –±—É–¥–µ—Ç –æ—á–µ–Ω—å —Å–ª–æ–∂–Ω–æ. –ù–æ –ø—Ä–∏ —ç—Ç–æ–º –µ—Å—Ç—å –∂–µ–ª–∞–Ω–∏—è, –∏ –∂–µ–ª–∞–Ω–∏—è –Ω–µ —Å–æ–≤—Å–µ–º –ø—Ä–∏–ª–∏—á–Ω—ã–µ. –ü—Ä–æ—è–≤–ª—è—Ç—å—Å—è –±–æ–∏—Ç—Å—è, –∏, —á–µ—Å—Ç–Ω–æ –≥–æ–≤–æ—Ä—è, —Å–∞–º –ø—Ä–æ—è–≤–ª—è—Ç—å—Å—è –Ω–µ –±—É–¥–µ—Ç.  –Ø –±—ã –Ω–∞ —Ç–≤–æ—ë–º –º–µ—Å—Ç–µ –≤–æ–æ–±—â–µ –ø–æ–¥—É–º–∞–ª–∞, –Ω—É–∂–µ–Ω –ª–∏ —Ç–µ–±–µ —Ç–∞–∫–æ–π –ø–∞—Ä—Ç–Ω—ë—Ä, –∫–æ—Ç–æ—Ä—ã–π —Å–ª–∞–±–µ–µ —Ç–µ–±—è. –ù–æ –≤—ã–≤–æ–¥—ã –¥–µ–ª–∞–π —Å–∞–º–∞."
https://cdn-st.rutubelist.ru/media/d1/e7/642dc2194fcdb69664f832d5f2dd/fhd.mp4,,"–ß–µ–ª–æ–≤–µ–∫ –≤ –∫–æ—Å—Ç—é–º–µ –∏ –≥–∞–ª—Å—Ç—É–∫–µ –∏—Å–ø–æ–ª—å–∑—É–µ—Ç –Ω–æ—É—Ç–±—É–∫. –ß–µ–ª–æ–≤–µ–∫ –≤ –∫–æ—Å—Ç—é–º–µ –∏ –≥–∞–ª—Å—Ç—É–∫–µ —É–ª—ã–±–∞–µ—Ç—Å—è. –ú—É–∂—á–∏–Ω–∞ –≤ –≥–∞–ª—Å—Ç—É–∫–µ –∏ —Ä—É–±–∞—à–∫—É —Å –∏–∑–æ–±—Ä–∞–∂–µ–Ω–∏–µ–º –º—É–∂—á–∏–Ω—ã —Å —É—Å–∞–º–∏. –ñ–µ–ª—Ç—ã–π –∑–Ω–∞–∫, –∫–æ—Ç–æ—Ä—ã–π –Ω–∞—Ö–æ–¥–∏—Ç—Å—è –Ω–∞ —á–µ—Ä–Ω–æ–º —Ñ–æ–Ω–µ. –ß–µ–ª–æ–≤–µ–∫ –≤ –∫–æ—Å—Ç—é–º–µ –∏ –≥–∞–ª—Å—Ç—É–∫–µ —Å–∏–¥–∏—Ç –∑–∞ —Å—Ç–æ–ª–æ–º. –ß–µ–ª–æ–≤–µ–∫ –≤ –∫–æ—Å—Ç—é–º–µ –∏ –≥–∞–ª—Å—Ç—É–∫–µ –ø–æ–∑–∏—Ä—É–µ—Ç –¥–ª—è –∫–∞—Ä—Ç–∏–Ω–∫–∏.","–ñ–µ–ª—Ç—ã–π –∑–Ω–∞–∫, –∫–æ—Ç–æ—Ä—ã–π –Ω–∞—Ö–æ–¥–∏—Ç—Å—è –Ω–∞ —á–µ—Ä–Ω–æ–º —Ñ–æ–Ω–µ.",A man in a suit and tie is using a laptop. A man in a suit and tie is smiling. A man wearing a tie and a shirt with a picture of a man with a mustache. A yellow sign that is on a black background. A man in a suit and tie sitting at a table. A man in a suit and tie is posing for a picture.,A yellow sign that is on a black background.," –Ø —É–±–µ–∂–¥–µ–Ω, —á—Ç–æ —á–µ–º –±–µ–¥–Ω–µ–µ —á–µ–ª–æ–≤–µ–∫, —Ç–µ–º —Å–ª–æ–∂–Ω–µ–µ –µ–≥–æ —É–¥–æ–≤–ª–µ—Ç–≤–æ—Ä–∏—Ç—å, –ø–æ—Ç–æ–º—É —á—Ç–æ —Ç–æ—Ç —á–µ–ª–æ–≤–µ–∫, —É –∫–æ—Ç–æ—Ä–æ–≥–æ –Ω–µ—Ç –¥–µ–Ω–µ–≥, –æ–Ω –≤—Å–µ–≥–¥–∞ –Ω–µ–¥–æ–≤–æ–ª–µ–Ω —á–µ–º-—Ç–æ, –æ–Ω –≤—Å–µ–≥–¥–∞ –ø—Ä–æ—Å–∏—Ç –±–æ–ª—å—à–µ. –¢–æ—Ç —á–µ–ª–æ–≤–µ–∫, –∫–æ—Ç–æ—Ä—ã–π –≤ –ø—Ä–∏–Ω—Ü–∏–ø–µ —É–¥–æ–≤–ª–µ—Ç–≤–æ—Ä–µ–Ω —Å–≤–æ–∏–º–∏ –¥–µ–Ω—å–≥–∞–º–∏, –æ–Ω –≥–æ–≤–æ—Ä–∏—Ç –∫–ª–∞—Å—Å–Ω–æ, —ç—Ç–æ –∑–¥–æ—Ä–æ–≤–æ, —Å–ø–∞—Å–∏–±–æ –∏ –∏–¥–µ—Ç –∏ –¥–µ–ª–∞–µ—Ç."
https://cdn-st.rutubelist.ru/media/e2/97/f9164f8a41479f961d64842154a7/fhd.mp4,,"–ñ–µ–Ω—â–∏–Ω–∞, —Å–∏–¥—è—â–∞—è –Ω–∞ –ø–æ–ª—É —Å –µ–µ —á–µ—Ä–Ω–æ -–±–µ–ª–æ–π —Ñ–æ—Ç–æ–≥—Ä–∞—Ñ–∏–µ–π. –°–æ–±–∞–∫–∞ –ª–µ–∂–∏—Ç –Ω–∞ –ø–æ–ª—É –≤ –∫–æ–º–Ω–∞—Ç–µ. –ñ–µ–Ω—â–∏–Ω–∞, —Å–∏–¥—è—â–∞—è –Ω–∞ —Å—Ç—É–ª–µ –≤ –∫–æ–º–Ω–∞—Ç–µ. –ñ–µ–Ω—â–∏–Ω–∞, –ª–µ–∂–∞—â–∞—è –Ω–∞ –ø–æ–ª—É —Å –∑–æ–Ω—Ç–∏–∫–æ–º. –°–æ–±–∞–∫–∞, –ª–µ–∂–∞—â–∞—è –Ω–∞ –∑–µ–º–ª–µ –≤ —Ç–µ–º–Ω–æ—Ç–µ. –ß–µ–ª–æ–≤–µ–∫, –ª–µ–∂–∞—â–∏–π –Ω–∞ –∑–µ–º–ª–µ, –Ω–æ–≥–∞–º–∏ –Ω–∞ –∑–µ–º–ª–µ. –ß–µ–ª–æ–≤–µ–∫, –ª–µ–∂–∞—â–∏–π –Ω–∞ –∑–µ–º–ª–µ –≤ –∫–æ–º–Ω–∞—Ç–µ. –ß–µ–ª–æ–≤–µ–∫, –ª–µ–∂–∞—â–∏–π –Ω–∞ –∑–µ–º–ª–µ —Å –∑–æ–Ω—Ç–∏–∫–æ–º. –ñ–µ–Ω—â–∏–Ω–∞, —Å–∏–¥—è—â–∞—è –Ω–∞ –ø–æ–ª—É —Å –∫–æ—à–∫–æ–π –Ω–∞ –∫–æ–ª–µ–Ω—è—Ö. –ñ–µ–Ω—â–∏–Ω–∞ –ª–µ–∂–∏—Ç –Ω–∞ –ø–æ–ª—É –≤ –∫–æ–º–Ω–∞—Ç–µ. –ú—É–∂—á–∏–Ω–∞ –∏ –∂–µ–Ω—â–∏–Ω–∞ –∏–≥—Ä–∞—é—Ç –≤ –∏–≥—Ä—É –≤ –§—Ä–∏—Å–±–∏. –ñ–µ–Ω—â–∏–Ω–∞ –ª–µ–∂–∏—Ç –Ω–∞ –ø–æ–ª—É —Å —Å–æ–±–∞–∫–æ–π. –ß–µ–ª–æ–≤–µ–∫, –ª–µ–∂–∞—â–∏–π –Ω–∞ –ø–æ–ª—É –≤ –∫–æ–º–Ω–∞—Ç–µ. –ß–µ–ª–æ–≤–µ–∫ –ª–µ–∂–∏—Ç –Ω–∞ –ø–æ–ª—É –≤ –∫–æ–º–Ω–∞—Ç–µ. –ñ–µ–Ω—â–∏–Ω–∞ –ª–µ–∂–∏—Ç –Ω–∞ –ø–æ–ª—É —Å–æ —Å–≤–æ–µ–π —Å–æ–±–∞–∫–æ–π. –ñ–µ–Ω—â–∏–Ω–∞ —Å—Ç–æ–∏—Ç –≤ –∫–æ–º–Ω–∞—Ç–µ —Å —á–µ—Ä–Ω–æ -–±–µ–ª–æ–π —Ñ–æ—Ç–æ–≥—Ä–∞—Ñ–∏–µ–π. –ñ–µ–Ω—â–∏–Ω–∞, —Å–∏–¥—è—â–∞—è –Ω–∞ –ø–æ–ª—É —Å–æ —Å–∫—Ä–µ—â–µ–Ω–Ω–æ–π –Ω–æ–≥–∞–º–∏. –ñ–µ–Ω—â–∏–Ω–∞, —Å–∏–¥—è—â–∞—è –Ω–∞ –ø–æ–ª—É —Å–æ —Å–∫—Ä–µ—â–µ–Ω–Ω–æ–π –Ω–æ–≥–∞–º–∏. –ñ–µ–Ω—â–∏–Ω–∞, —Å–∏–¥—è—â–∞—è –Ω–∞ –ø–æ–ª—É —Å —á–µ–º–æ–¥–∞–Ω–æ–º. –ñ–µ–Ω—â–∏–Ω–∞, –ª–µ–∂–∞—â–∞—è –Ω–∞ –ø–æ–ª—É —Å–æ —Å–∫—Ä–µ—â–µ–Ω–Ω–æ–π –Ω–æ–≥–∞–º–∏.",–ñ–µ–Ω—â–∏–Ω–∞ –ª–µ–∂–∏—Ç –Ω–∞ –ø–æ–ª—É —Å —Å–æ–±–∞–∫–æ–π.,A woman sitting on a floor with a black and white photo of her. A dog laying on the floor in a room. A woman sitting on a chair in a room. A woman laying on the floor with an umbrella. A dog laying on the ground in the dark. A person laying on the ground with their feet on the ground. A person laying on the ground in a room. A person laying on the ground with an umbrella. A woman sitting on a floor with a cat on her lap. A woman is laying on a floor in a room. A man and a woman are playing a game of frisbee. A woman is laying on the floor with a dog. A person laying on the floor in a room. A man is laying on the floor in a room. A woman is laying on the floor with her dog. A woman is standing in a room with a black and white photo. A woman sitting on the floor with her legs crossed. A woman sitting on a floor with her legs crossed. A woman sitting on a floor with a suitcase. A woman laying on the floor with her legs crossed.,A woman is laying on the floor with a dog.,
https://cdn-st.rutubelist.ru/media/0f/48/8a1ff7324073947a31e80f71d001/fhd.mp4,#diy #–ø–æ—Å—Ç–∞–Ω–æ–≤–∫–∞ #—é–º–æ—Ä #–∫–æ–º–µ–¥–∏—è,"–ß–µ–ª–æ–≤–µ–∫ —Å–æ —à–ª—è–ø–æ–π –∏ —à–ª—è–ø–æ–π –Ω–∞ –≥–æ–ª–æ–≤–µ. –ú–æ–ª–æ–¥–æ–π –º–∞–ª—å—á–∏–∫ –≤ —à–ª—è–ø–µ –∏ –±–µ–π—Å–±–æ–ª–∫–µ. –ß–µ–ª–æ–≤–µ–∫ –¥–µ—Ä–∂–∏—Ç –≤ —Ä—É–∫–µ –ø–∞—Ä—É –Ω–æ–∂–Ω–∏—Ü. –ú–æ–ª–æ–¥–æ–π —á–µ–ª–æ–≤–µ–∫ —É–ª—ã–±–∞–µ—Ç—Å—è, —á–∏—Å—Ç—è –∑—É–±—ã. –ñ–µ–Ω—â–∏–Ω–∞, –¥–µ—Ä–∂–∞—â–∞—è –±–æ–∫–∞–ª –≤–∏–Ω–∞ –≤ –ø—Ä–∞–≤–æ–π —Ä—É–∫–µ. –ß–µ–ª–æ–≤–µ–∫ –≤ —à–ª—è–ø–µ —á–∏—Ç–∞–µ—Ç –±—É–º–∞–≥—É. –ñ–µ–Ω—â–∏–Ω–∞ –≤ —á–µ—Ä–Ω–æ–π —Ä—É–±–∞—à–∫–µ –∏ –æ—á–∫–∞—Ö, –≥–ª—è–¥—è –Ω–∞ —Ç–µ–ª–µ—Ñ–æ–Ω. –ú–æ–ª–æ–¥–æ–π —á–µ–ª–æ–≤–µ–∫ —Å—Ç–æ–∏—Ç –ø–µ—Ä–µ–¥ —Ö–æ–ª–æ–¥–∏–ª—å–Ω–∏–∫–æ–º. –ú–æ–ª–æ–¥–æ–π —á–µ–ª–æ–≤–µ–∫ —Å —Å–∏–Ω–µ–π —Ä—É–±–∞—à–∫–æ–π –∏ –∫—Ä–∞—Å–Ω—ã–º –≥–∞–ª—Å—Ç—É–∫–æ–º. –ß–µ–ª–æ–≤–µ–∫, —Å—Ç–æ—è—â–∏–π –ø–µ—Ä–µ–¥ –±–µ–ª–æ–π —Å—Ç–µ–Ω–æ–π. –ú–æ–ª–æ–¥–æ–π –º–∞–ª—å—á–∏–∫ —Å —à–ª—è–ø–æ–π, –¥–µ—Ä–∂–∞—â–∏–π –∫—Ä–∞—Å–Ω—ã–π –∏ –±–µ–ª—ã–π –æ–±—ä–µ–∫—Ç. –ß–µ–ª–æ–≤–µ–∫, —Å—Ç–æ—è—â–∏–π –ø–µ—Ä–µ–¥ —Å—Ç–µ–Ω–æ–π —Å–æ —Å–∫–µ–π—Ç–±–æ—Ä–¥–æ–º. –ú–æ–ª–æ–¥–æ–π —á–µ–ª–æ–≤–µ–∫ —á–∏—Å—Ç—è—Ç –∑—É–±—ã –≤ –≤–∞–Ω–Ω–æ–π.",–ú–æ–ª–æ–¥–æ–π –º–∞–ª—å—á–∏–∫ –≤ —à–ª—è–ø–µ –∏ –±–µ–π—Å–±–æ–ª–∫–µ.,A man with a hat and a hat on his head. A young boy wearing a hat and a baseball cap. A man is holding a pair of scissors in his hand. A young man is smiling while brushing his teeth. A woman holding a glass of wine in her right hand. A man in a hat is reading a paper. A woman in a black shirt and glasses looking at a phone. A young man is standing in front of a refrigerator. A young man with a blue shirt and a red tie. A man standing in front of a white wall. A young boy with a hat on holding a red and white object. A man standing in front of a wall with a skateboard. A young man is brushing his teeth in the bathroom.,A young boy wearing a hat and a baseball cap.," –°–∏—Ç—É–∞—Ü–∏–∏, –∫–æ—Ç–æ—Ä—ã–µ –±–µ—Å—è—Ç –ö–ê–ñ–î–û–ì–û! –ö–æ–≥–¥–∞ —Å–ø–∏—Å—ã–≤–∞–µ—à—å —É —Å–æ—Å–µ–¥–∞ –ø–æ –ø–∞—Ä—Ç–∏–∏, –∏ –≤–¥—Ä—É–≥ –æ–Ω –ø–µ—Ä–µ–≤–æ—Ä–∞—á–∏–≤–∞–µ—Ç —Å—Ç—Ä–∞–Ω–∏—Ü—É! –ú–æ–∂–µ—à—å –Ω–∞–∑–∞–¥ –ø–µ—Ä–µ–ª–∏—Å—Ç–Ω—É—Ç—å, –ø–æ–∂–∞–ª—É–π—Å—Ç–∞? –ù–µ—Ç, —è –ø–∏—à—É! –ö–æ–≥–¥–∞ —Ç–≤–æ–π –ª—É—á—à–∏–π –¥—Ä—É–≥ –≤ —Å–æ—Ç—ã–π —Ä–∞–∑ –ø—Ä–∏—Ö–æ–¥–∏—Ç –∫ —Ç–µ–±–µ –≤ –≥–æ—Å—Ç–∏ –∏ –Ω–µ –º–æ–∂–µ—Ç –∑–∞–ø–æ–º–Ω–∏—Ç—å, –∫–∞–∫–∞—è —É —Ç–µ–±—è –∫–≤–∞—Ä—Ç–∏—Ä–∞! –ê –∫–∞–∫–æ–π –Ω–æ–º–µ—Ä –∫–≤–∞—Ä—Ç–∏—Ä—ã —É —Ç–µ–±—è? –ö–æ–≥–¥–∞ —Ç—ã –∑–∞–ø–æ–º–Ω–∏—à—å! –î–≤–∞–¥—Ü–∞—Ç—å –¥–µ–≤—è—Ç–æ–µ! –ò —Å–∞–º–æ–µ –±–µ—Å—è—á–µ–µ, –∫–æ–≥–¥–∞ –∫ —Ç–µ–±–µ –ø—Ä–∏—Ö–æ–¥—è—Ç –≥–æ—Å—Ç–∏ –∏ —Å–ø—Ä–∞—à–∏–≤–∞—é—Ç! –ê —É –≤–∞—Å –µ—Å—Ç—å —Ç—É–∞–ª–µ—Ç? –ù–µ—Ç, –Ω–µ—Ç—É. –ó–Ω–∞–µ—Ç–µ, –º—ã –ø—Ä—è–º–æ —Ç—É—Ç –ø–∏—Å–∞–µ–º. –ü–æ–ø—Ä–æ–±—É–π—Ç–µ, —É–¥–æ–±–Ω–æ, –∫—Å—Ç–∞—Ç–∏."
https://cdn-st.rutubelist.ru/media/19/9c/98de3b4a4d9e83cb5dda828f899e/fhd.mp4,,–£–ª–∏—á–Ω—ã–π –∑–Ω–∞–∫ –ø–æ–∫–∞–∑–∞–Ω —Å –Ω–µ–±–æ–º. –£–ª–∏—á–Ω—ã–π –∑–Ω–∞–∫ —Å –Ω–µ–±–æ–º –∏ —É–ª–∏—á–Ω—ã–º –∑–Ω–∞–∫–æ–º —Å –∑–∞–∫–∞—Ç–æ–º. –£–ª–∏—á–Ω—ã–π –∑–Ω–∞–∫ —Å —É–ª–∏—á–Ω—ã–º –∑–Ω–∞–∫–æ–º –Ω–∞ –Ω–µ–º.,–£–ª–∏—á–Ω—ã–π –∑–Ω–∞–∫ —Å —É–ª–∏—á–Ω—ã–º –∑–Ω–∞–∫–æ–º –Ω–∞ –Ω–µ–º.,A street sign is shown with a sky background. A street sign with a sky background and a street sign with a sunset. A street sign with a street sign on it.,A street sign with a street sign on it., –î–µ–Ω—å –∏ –Ω–æ—á—å.
https://cdn-st.rutubelist.ru/media/bf/ee/85fb6b80491db79e8baebe5c9d80/fhd.mp4,#–æ–±—Ä–∞–∑ #lookbook #–ø–æ–∫–∞–∑ #–Ω–µ–¥–µ–ª—è–º–æ–¥—ã #–∫–∞–ø—Å—É–ª–∞ #–æ—à–∏–±–∫–∏–≤—Å—Ç–∏–ª–µ #—Å–µ–ª–µ–±—Ä–∏—Ç–∏ #–∏–Ω—Ç–µ—Ä–≤—å—é #–ø–µ—Ä–µ–≤–æ–ø–ª–æ—â–µ–Ω–∏—è #–æ–±—É–≤—å #–∫—Ä–æ—Å—Å–æ–≤–∫–∏,"–ù–æ–≥–∏ —á–µ–ª–æ–≤–µ–∫–∞ –ø–æ–∫–∞–∑–∞–Ω—ã –Ω–∞ —Å–∫–µ–π—Ç–±–æ—Ä–¥–µ. –ù–æ–≥–∏ —á–µ–ª–æ–≤–µ–∫–∞ –ø–æ–∫–∞–∑—ã–≤–∞—é—Ç –∏—Ö –æ–±—É–≤—å. –ß–µ–ª–æ–≤–µ–∫, –¥–µ—Ä–∂–∞—â–∏–π –º–æ–±–∏–ª—å–Ω—ã–π —Ç–µ–ª–µ—Ñ–æ–Ω –≤ —Ä—É–∫–µ. –ñ–µ–Ω—â–∏–Ω–∞, –¥–µ—Ä–∂–∞—â–∞—è –≤ —Ä—É–∫–µ —Å–º–∞—Ä—Ç—Ñ–æ–Ω. –ß–µ–ª–æ–≤–µ–∫ –¥–µ—Ä–∂–∏—Ç –ø–∞—Ä—É –æ–±—É–≤–∏. –ü–∞—Ä–∞ –æ–±—É–≤–∏ —Å –∏–∑–æ–±—Ä–∞–∂–µ–Ω–∏–µ–º —á–µ–ª–æ–≤–µ–∫–∞ –Ω–∞ –Ω–∏—Ö. –†—É–∫–∞, –¥–µ—Ä–∂–∞—â–∞—è —Å–∏–Ω–∏–π –ø–ª–∞—Å—Ç–∏–∫–æ–≤—ã–π –æ–±—ä–µ–∫—Ç —Å —Å–∏–Ω–∏–º —Ñ–æ–Ω–æ–º. –ß–µ–ª–æ–≤–µ–∫ –¥–µ—Ä–∂–∏—Ç –±–µ–ª—É—é –∏ —á–µ—Ä–Ω—É—é –æ–±—É–≤—å.","–ñ–µ–Ω—â–∏–Ω–∞, –¥–µ—Ä–∂–∞—â–∞—è –≤ —Ä—É–∫–µ —Å–º–∞—Ä—Ç—Ñ–æ–Ω.",A person's feet are shown on a skateboard. A person's feet are shown with their shoes. A person holding a cell phone in their hand. A woman holding a smart phone in her hand. A person is holding a pair of shoes. A pair of shoes with a picture of a man on them. A hand holding a blue plastic object with a blue background. A person is holding a white and black shoe.,A woman holding a smart phone in her hand.," –ö–∞–∫ —Ä–∞–±–æ—Ç–∞–µ—Ç —à–∞–º–ø—É–Ω—å –¥–ª—è –∫—Ä–æ—Å—Å–æ–≤–æ–∫? –ü—Ä–æ–≤–µ—Ä—è—Ç—å –±—É–¥–µ–º –Ω–∞ –ª–µ–≤–æ–º –∫—Ä–æ—Å—Å–æ–≤–∫–µ –º–æ–∏—Ö —Å—É–ø–µ—Ä–∫–æ—Ä—Ç–æ–≤, –ø–æ–≤–∏–¥–∞–≤—à–∏—Ö –∂–∏–∑–Ω—å. –ü—Ä–∏–∫–æ–ª —ç—Ç–æ–π —à—Ç—É—á–∫–∏ –≤ —Ç–æ–º, —á—Ç–æ –≤–Ω—É—Ç—Ä–∏ —É–∂–µ —Å–æ–¥–µ—Ä–∂–∏—Ç—Å—è —Ä–∞—Å—Ç–≤–æ—Ä, –∏ –≤—Å—ë, —á—Ç–æ –Ω—É–∂–Ω–æ —Å–¥–µ–ª–∞—Ç—å, —ç—Ç–æ –Ω–∞–¥–∞–≤–∏—Ç—å –≥—É–±–∫–æ–π –Ω–∞ –∫—Ä–æ—Å—Å—ã. –°–∞–º–∞ –≥—É–±–∫–∞ –Ω–µ –ø–æ—Ä—Ç–∏—Ç –≤–∞—à–∏ –∫—Ä–æ—Å—Å–æ–≤–∫–∏. –ï—ë –ø–ª—é—Å –≤ —Ç–æ–º, —á—Ç–æ –µ—ë –º–æ–∂–Ω–æ –æ—Ç–¥–µ–ª—å–Ω–æ –º—ã—Ç—å. –¢–∞–∫–∂–µ —Å–∞–º —à–∞–º–ø—É–Ω—å –æ—á–µ–Ω—å —É–¥–æ–±–Ω–æ –±—Ä–∞—Ç—å —Å —Å–æ–±–æ–π –≤ –≥–æ—Ä–æ–¥ –∏ –≤—Ä–µ–º—è –æ—Ç –≤—Ä–µ–º–µ–Ω–∏ —á–∏—Å—Ç–∏—Ç—å –∫—Ä–æ—Å—Å—ã."
https://cdn-st.rutubelist.ru/media/fc/73/d86600d04e519178a55774dfe65e/fhd.mp4,#–ø—É—Ç–µ—à–µ—Å—Ç–≤–∏—è #journey #—Ç—É—Ä–∏–∑–º,"–ë–æ–ª—å—à–æ–π —Å–∞–º–æ–ª–µ—Ç –ø—Ä–∏–ø–∞—Ä–∫–æ–≤–∞–ª—Å—è –≤ —Ç–µ—Ä–º–∏–Ω–∞–ª–µ –∞—ç—Ä–æ–ø–æ—Ä—Ç–∞. –ë–æ–ª—å—à–æ–π —Ä–µ–∞–∫—Ç–∏–≤–Ω—ã–π, —Å–∏–¥—è—â–∏–π –Ω–∞ –≤–µ—Ä—à–∏–Ω–µ –∞—ç—Ä–æ–ø–æ—Ä—Ç–∞. –°–∞–º–æ–ª–µ—Ç –ø—Ä–∏–ø–∞—Ä–∫–æ–≤–∞–Ω –≤ —Ç–µ—Ä–º–∏–Ω–∞–ª–µ –∞—ç—Ä–æ–ø–æ—Ä—Ç–∞. –ë–æ–ª—å—à–æ–π –ø–∞—Å—Å–∞–∂–∏—Ä—Å–∫–∏–π —Å–∞–º–æ–ª–µ—Ç, —Å–∏–¥—è—â–∏–π –Ω–∞ –≤–µ—Ä—à–∏–Ω–µ –∞—ç—Ä–æ–ø–æ—Ä—Ç–∞. –°–∏–Ω–µ -–±–µ–ª—ã–π —Å–∞–º–æ–ª–µ—Ç –ø—Ä–∏–ø–∞—Ä–∫–æ–≤–∞–ª—Å—è –≤ –∞—ç—Ä–æ–ø–æ—Ä—Ç—É. –°–∏–Ω–µ -–±–µ–ª—ã–π —Ä–µ–∞–∫—Ç–∏–≤–Ω—ã–π —Å–∞–º–æ–ª–µ—Ç –ø—Ä–∏–ø–∞—Ä–∫–æ–≤–∞–ª—Å—è –≤ –∞—ç—Ä–æ–ø–æ—Ä—Ç—É.","–ë–æ–ª—å—à–æ–π —Ä–µ–∞–∫—Ç–∏–≤–Ω—ã–π, —Å–∏–¥—è—â–∏–π –Ω–∞ –≤–µ—Ä—à–∏–Ω–µ –∞—ç—Ä–æ–ø–æ—Ä—Ç–∞.",A large airplane parked at an airport terminal. A large jetliner sitting on top of an airport tarmac. A plane is parked at an airport terminal. A large passenger jet sitting on top of an airport tarmac. A blue and white airplane parked at an airport. A blue and white jet airplane parked at an airport.,A large jetliner sitting on top of an airport tarmac., –°—É–±—Ç–∏—Ç—Ä—ã –ø–æ–¥–æ–≥–Ω–∞–ª –ò–≥–æ—Ä—å –ù–µ–≥–æ–¥–∞
https://cdn-st.rutubelist.ru/media/17/ae/a36f6f824fa1a67496d299c8ac6e/fhd.mp4,#–æ–±—Ä–∞–∑ #lookbook #–ø–æ–∫–∞–∑ #–Ω–µ–¥–µ–ª—è–º–æ–¥—ã #–∫–∞–ø—Å—É–ª–∞ #–æ—à–∏–±–∫–∏–≤—Å—Ç–∏–ª–µ #—Å–µ–ª–µ–±—Ä–∏—Ç–∏ #–∏–Ω—Ç–µ—Ä–≤—å—é #–ø–µ—Ä–µ–≤–æ–ø–ª–æ—â–µ–Ω–∏—è #–æ–±—É–≤—å #–∫—Ä–æ—Å—Å–æ–≤–∫–∏,–ñ–µ–Ω—â–∏–Ω–∞ –≤ —á–µ—Ä–Ω–æ–π —à–ª—è–ø–µ –∏ —á–µ—Ä–Ω–æ–π —à–ª—è–ø–µ. –ñ–µ–Ω—â–∏–Ω–∞ –≤ —á–µ—Ä–Ω–æ–π —à–ª—è–ø–µ –∏ —á–µ—Ä–Ω–∞—è —à–ª—è–ø–∞. –ñ–µ–Ω—â–∏–Ω–∞ –≤ —à–ª—è–ø–µ –∏ —à–ª—è–ø—É —Å —É–ª—ã–±–∫–æ–π –Ω–∞ –ª–∏—Ü–µ.,–ñ–µ–Ω—â–∏–Ω–∞ –≤ —á–µ—Ä–Ω–æ–π —à–ª—è–ø–µ –∏ —á–µ—Ä–Ω–æ–π —à–ª—è–ø–µ.,A woman wearing a black hat and a black hat. A woman in a black hat and a black hat. A woman wearing a hat and a hat with a smile on her face.,A woman wearing a black hat and a black hat.," –Ø —Ä–µ—à–∞–ª–∞—Å—å –Ω–∞ —ç—Ç–æ –æ—á–µ–Ω—å –¥–æ–ª–≥–æ, –∏ –º–Ω–µ –±—ã–ª–æ –æ—á–µ–Ω—å —Å—Ç—Ä–∞—à–Ω–æ, –Ω–æ —è —ç—Ç–æ —Å–¥–µ–ª–∞–ª–∞. –ü–∏—à–∏ –≤ –∫–æ–º–º–µ–Ω—Ç–∞—Ä–∏–∏, –∫–∞–∫ —Ç–µ–±–µ?"
https://cdn-st.rutubelist.ru/media/4b/54/0a36f96d4030a0f6ad1b6d7f4902/fhd.mp4,#–∫—Ä–∞—Å–∏–≤—ã–µ–¥–µ–≤—É—à–∫–∏ #bigbooty #–≥—Ä—É–¥—å,"–ñ–µ–Ω—â–∏–Ω–∞ –≤ –±–µ–ª–æ–π —Ä—É–±–∞—à–∫–µ –∏ —á–µ—Ä–Ω—ã—Ö –±—Ä—é–∫–∞—Ö –Ω–∞ –Ω–æ—É—Ç–±—É–∫–µ. –ñ–µ–Ω—â–∏–Ω–∞, —Å–∏–¥—è—â–∞—è –Ω–∞ —Å–∫–∞–º–µ–π–∫–µ –ø–µ—Ä–µ–¥ –æ–∫–Ω–æ–º. –ñ–µ–Ω—â–∏–Ω–∞ –≤ –±–∏–∫–∏–Ω–∏, —Å—Ç–æ—è—â–∞—è –ø–µ—Ä–µ–¥ –º–∞—à–∏–Ω–æ–π. –ñ–µ–Ω—â–∏–Ω–∞ –≤ –±–∏–∫–∏–Ω–∏, —Å–∏–¥—è—â–∞—è –Ω–∞ –Ω–æ—É—Ç–±—É–∫–µ. –ñ–µ–Ω—â–∏–Ω–∞, —Å–∏–¥—è—â–∞—è –ø–µ—Ä–µ–¥ –Ω–æ—É—Ç–±—É–∫–æ–º.","–ñ–µ–Ω—â–∏–Ω–∞, —Å–∏–¥—è—â–∞—è –Ω–∞ —Å–∫–∞–º–µ–π–∫–µ –ø–µ—Ä–µ–¥ –æ–∫–Ω–æ–º.",A woman in a white shirt and black pants is on a laptop. A woman sitting on a bench in front of a window. A woman in a bikini standing in front of a car. A woman in a bikini sitting on a laptop. A woman sitting in front of a laptop computer.,A woman sitting on a bench in front of a window.,
https://cdn-st.rutubelist.ru/media/8c/58/96608b7a4834883ea2dd1c884c63/fhd.mp4,"üìç ‚Ä¢–ë–µ–π—Ä—É—Ç / Beirut üèîÔ∏è
‚Ä¢ –õ–∏–≤–∞–Ω / Lebanon üá±üáß 

By: @rassal_kroft","–õ–æ–¥–∫–∞ –ø–ª–∞–≤–∞–µ—Ç –≤ –≤–æ–¥–µ –≤–æ–∑–ª–µ —Å–∫–∞–ª—ã. –ß–µ–ª–æ–≤–µ–∫, —Å—Ç–æ—è—â–∏–π —Ä—è–¥–æ–º —Å –≤–æ–¥–Ω—ã–º –ø—É—Ç–µ–º, –≥–ª—è–¥—è –Ω–∞ –æ–∫–µ–∞–Ω. –ß–µ–ª–æ–≤–µ–∫, —Å—Ç–æ—è—â–∏–π —Ä—è–¥–æ–º —Å–æ —Å—Ç–µ–Ω–æ–π, —Ä–∞–∑–≥–æ–≤–∞—Ä–∏–≤–∞—é—â–∏–π –ø–æ –º–æ–±–∏–ª—å–Ω–æ–º—É —Ç–µ–ª–µ—Ñ–æ–Ω—É. –í–∏–¥ –Ω–∞ –≥–æ—Ä–æ–¥—Å–∫–∏–π –ø–µ–π–∑–∞–∂ –∏–∑ –æ–∫–Ω–∞. –ö–∞—Ä—Ç–∏–Ω–∞ –ª–æ–¥–∫–∏ –≤ –≤–æ–¥–µ. –ß–µ–ª–æ–≤–µ–∫ –≤ –≥–∞–ª—Å—Ç—É–∫–µ, —Å—Ç–æ—è—â–∏–π —Ä—è–¥–æ–º —Å–æ –∑–¥–∞–Ω–∏–µ–º. –í–∏–¥ –Ω–∞ –≤–æ–¥–æ–µ–º —Å —É—Ç–µ—Å–æ–º –Ω–∞ –∑–∞–¥–Ω–µ–º –ø–ª–∞–Ω–µ. –õ–æ–¥–∫–∞, –ø–ª–∞–≤–∞—é—â–∞—è –≤ –≤–æ–¥–µ –≤–æ–∑–ª–µ —Å–∫–∞–ª—ã. –ì—Ä—É–ø–ø–∞ –ø—Ç–∏—Ü, –ª–µ—Ç—è—â–∏—Ö –Ω–∞–¥ –≤–æ–¥–æ–µ–º–æ–º. –í–∏–¥ –Ω–∞ –≥–æ—Ä–æ–¥ —Å –ø–ª—è–∂–∞. –í–∏–¥ –Ω–∞ —Ä–µ–∫—É –∏–∑ –∑–¥–∞–Ω–∏—è. –ò–∑–æ–±—Ä–∞–∂–µ–Ω–∏–µ –ª–æ–¥–∫–∏, –ø–ª–∞–≤–∞—é—â–µ–π –Ω–∞ –≤–µ—Ä—Ö–Ω–µ–π —á–∞—Å—Ç–∏ –≤–æ–¥—ã. –õ–æ–¥–∫–∞ –ø–ª–∞–≤–∞–µ—Ç –Ω–∞ –≤–æ–¥–µ –≤–æ–∑–ª–µ —Å–∫–∞–ª—ã. –ë–æ–ª—å—à–æ–π –≤–æ–¥–æ–µ–º —Å–æ –∑–¥–∞–Ω–∏—è–º–∏ –∏ –∑–¥–∞–Ω–∏—è–º–∏ –Ω–∞ –∑–∞–¥–Ω–µ–º –ø–ª–∞–Ω–µ. –í–∏–¥ –Ω–∞ –±–æ–ª—å—à–æ–π –≤–æ–¥–æ–µ–º —Å –º–∞—è–∫–æ–º –Ω–∞ –∑–∞–¥–Ω–µ–º –ø–ª–∞–Ω–µ. –†–µ–∫–∞ —Å –≤–æ–¥–æ–µ–º–æ–π –∏ –±–æ–ª—å—à–æ–π —Å–∫–∞–ª–æ–π.",–í–∏–¥ –Ω–∞ —Ä–µ–∫—É –∏–∑ –∑–¥–∞–Ω–∏—è.,A boat is floating in the water near a cliff. A man standing next to a waterway looking at the ocean. A man standing next to a wall talking on a cell phone. A view of a cityscape from a window. A picture of a boat in the water. A man in a tie standing next to a building. A view of a body of water with a cliff in the background. A boat floating in the water near a cliff. A group of birds flying over a body of water. A view of a city from a beach. A view of a river from a building. A picture of a boat floating on top of a body of water. A boat is floating on the water near a cliff. A large body of water with buildings and buildings in the background. A view of a large body of water with a lighthouse in the background. A river with a body of water and a large rock.,A view of a river from a building.," –•–æ—Ä–æ—à–∞ –±—ã –±—ã–ª–∞ —Ç–≤–æ—è –Ω–æ–≤–∞—è –ª—é–±–æ–≤—å, –•–æ—Ä–æ—à–∞ –±—ã –±—ã–ª–∞ —Ç–≤–æ—è –Ω–æ–≤–∞—è –ª—é–±–æ–≤—å, –•–æ—Ä–æ—à–∞ –±—ã –±—ã–ª–∞ —Ç–≤–æ—è –Ω–æ–≤–∞—è –ª—é–±–æ–≤—å, –•–æ—Ä–æ—à–∞ –±—ã –±—ã–ª–∞ —Ç–≤–æ—è –Ω–æ–≤–∞—è –ª—é–±–æ–≤—å, –•–æ—Ä–æ—à–∞ –±—ã –±—ã–ª–∞ —Ç–≤–æ—è –Ω–æ–≤–∞—è –ª—é–±–æ–≤—å,  –°–ø–∞—Å–∏–±–æ –∑–∞ –ø—Ä–æ—Å–º–æ—Ç—Ä! –ü–æ–¥–ø–∏—Å—ã–≤–∞–π—Ç–µ—Å—å –Ω–∞ –Ω–∞—à –∫–∞–Ω–∞–ª!"
https://cdn-st.rutubelist.ru/media/2f/4f/6b969c8c4a2aafcfca057b2a99a2/fhd.mp4,#—Å–ø–æ—Ä—Ç #–Ω–∞—Å–ø–æ—Ä—Ç–µ #—Ñ—É—Ç–±–æ–ª #football #—Ä–æ–Ω–∞–ª–¥—É,"–ú–æ–ª–æ–¥–æ–π —á–µ–ª–æ–≤–µ–∫ —É–ª—ã–±–∞–µ—Ç—Å—è, –¥–µ—Ä–∂–∞—Å—å —Å —Å–∏–Ω–∏–º –∏ –±–µ–ª—ã–º —Ñ—Ä–∏—Å–±–∏. –ú–æ–ª–æ–¥–æ–π —á–µ–ª–æ–≤–µ–∫ –≤ —Å–∏–Ω–µ–π —Ä—É–±–∞—à–∫–µ –∏ —Å–∏–Ω–∏—Ö —à—Ç–∞–Ω–∞—Ö —Å —Å–∏–Ω–∏–º –∏ –±–µ–ª—ã–º –ø—Ä–µ–¥–º–µ—Ç–æ–º. –ú–æ–ª–æ–¥–æ–π —á–µ–ª–æ–≤–µ–∫ —Å–∏–¥–∏—Ç –Ω–∞ –∫—Ä–æ–≤–∞—Ç–∏ —Å —Å–∏–Ω–µ–π —Ä—É–±–∞—à–∫–æ–π. –ú–æ–ª–æ–¥–æ–π –º–∞–ª—å—á–∏–∫ –≤ —Å–∏–Ω–µ–π —Ä—É–±–∞—à–∫–µ –∏ —Å–∏–Ω–∏—Ö —à—Ç–∞–Ω–∞—Ö. –ú–æ–ª–æ–¥–æ–π –º–∞–ª—å—á–∏–∫ —É–ª—ã–±–∞–µ—Ç—Å—è, –¥–µ—Ä–∂–∞ –º–æ–±–∏–ª—å–Ω—ã–π —Ç–µ–ª–µ—Ñ–æ–Ω. –ú–æ–ª–æ–¥–æ–π —á–µ–ª–æ–≤–µ–∫ —É–ª—ã–±–∞–µ—Ç—Å—è, –¥–µ—Ä–∂–∞ —Å–∏–Ω–∏–π –∏ –±–µ–ª—ã–π —Ñ—Ä–∏—Å–±–∏. –ú–æ–ª–æ–¥–æ–π —á–µ–ª–æ–≤–µ–∫ —Å–∏–¥–∏—Ç –≤ —Å—Ç—É–ª–µ —Å —Å–∏–Ω–µ–π —Ä—É–±–∞—à–∫–æ–π. –ñ–µ–Ω—â–∏–Ω–∞ –≤ —Å–∏–Ω–µ–π —Ä—É–±–∞—à–∫–µ –∏ —Å–∏–Ω–∏—Ö —à—Ç–∞–Ω–∞—Ö —É–ª—ã–±–∞–µ—Ç—Å—è. –ú–æ–ª–æ–¥–æ–π –º–∞–ª—å—á–∏–∫ –≤ —Å–∏–Ω–µ–π —Ä—É–±–∞—à–∫–µ –∏ —Å–∏–Ω–∏—Ö —à—Ç–∞–Ω–∞—Ö —É–ª—ã–±–∞–µ—Ç—Å—è. –ú–æ–ª–æ–¥–æ–π —á–µ–ª–æ–≤–µ–∫ –≤ —Å–∏–Ω–µ–π —Ä—É–±–∞—à–∫–µ –∏ —Å–∏–Ω–∏—Ö —à—Ç–∞–Ω–∞—Ö —Å —Å–∏–Ω–∏–º –∏ –±–µ–ª—ã–º –∑–Ω–∞–∫–æ–º. –ú–æ–ª–æ–¥–æ–π —á–µ–ª–æ–≤–µ–∫ –≤ —Å–∏–Ω–µ–π —Ä—É–±–∞—à–∫–µ –∏ —Å–∏–Ω–∏—Ö —à—Ç–∞–Ω–∞—Ö. –ú–æ–ª–æ–¥–æ–π –º–∞–ª—å—á–∏–∫ —É–ª—ã–±–∞–µ—Ç—Å—è –∏ –¥–µ—Ä–∂–∏—Ç —Å–∏–Ω–∏–π –∏ –±–µ–ª—ã–π –∑–Ω–∞–∫. –ú–æ–ª–æ–¥–æ–π —á–µ–ª–æ–≤–µ–∫ —É–ª—ã–±–∞–µ—Ç—Å—è –∏ –¥–µ—Ä–∂–∏—Ç —Å–∏–Ω–∏–π –∏ –±–µ–ª—ã–π –∑–Ω–∞–∫. –ú–æ–ª–æ–¥–æ–π —á–µ–ª–æ–≤–µ–∫ —É–ª—ã–±–∞–µ—Ç—Å—è, –¥–µ—Ä–∂–∞ –º–æ–±–∏–ª—å–Ω—ã–π —Ç–µ–ª–µ—Ñ–æ–Ω.",–ú–æ–ª–æ–¥–æ–π —á–µ–ª–æ–≤–µ–∫ —Å–∏–¥–∏—Ç –≤ —Å—Ç—É–ª–µ —Å —Å–∏–Ω–µ–π —Ä—É–±–∞—à–∫–æ–π.,A young man is smiling while holding a blue and white frisbee. A young man in a blue shirt and blue pants holding a blue and white object. A young man is sitting on a bed with a blue shirt. A young boy in a blue shirt and blue pants. A young boy is smiling while holding a cell phone. A young man smiling while holding a blue and white frisbee. A young man is sitting in a chair with a blue shirt. A woman in a blue shirt and blue pants is smiling. A young boy in a blue shirt and blue pants is smiling. A young man in a blue shirt and blue pants holding a blue and white sign. A young man in a blue shirt and blue pants. A young boy is smiling and holding a blue and white sign. A young man is smiling and holding a blue and white sign. A young man is smiling while holding a cell phone.,A young man is sitting in a chair with a blue shirt.," –°–ª—É—à–∞–π—Ç–µ, –∫–∞–∫ –∂–µ —è —Ä–∞–¥, —á—Ç–æ –†–æ–Ω–∞–ª–¥—É –∏–∑–º–µ–Ω–∏–ª —Å–≤–æ—é –ª–∏–Ω–∏—é –ø–æ–≤–µ–¥–µ–Ω–∏—è, –ø–æ—Ç–æ–º—É —á—Ç–æ –º—ã –≤–∏–¥–µ–ª–∏, —á—Ç–æ –Ω–µ–¥–∞–≤–Ω–æ –µ—â–µ –æ–Ω –≤–µ–ª —Å–µ–±—è –∫–∞–∫ –∫–∞–ø—Ä–∏–∑–Ω—ã–π —Ä–µ–±–µ–Ω–æ–∫, –ø–æ–∫–∞–∑—ã–≤–∞–ª, —á—Ç–æ —è –≤—ã—à–µ –≤—Å–µ—Ö –≤–∞—Å, —è –∫—Ä—É—á–µ –≤—Å–µ—Ö –æ—Å—Ç–∞–ª—å–Ω—ã—Ö, —É–µ–∑–∂–∞–ª —Ä–∞–Ω—å—à–µ —Å–æ —Å—Ç–∞–¥–∏–æ–Ω–∞, –Ω–æ –ø–æ–ª—É—á–∏–ª –≤—Å–µ–æ–±—â–∏–π —Ö–µ–π—Ç –∏ –ø–æ–Ω—è–ª, —á—Ç–æ —Ç–∞–∫ —Å–µ–±—è –≤–µ—Å—Ç–∏ —É–∂–µ –Ω–µ–ª—å–∑—è. –í 37 –ª–µ—Ç —É–∂–µ —Ç—ã –¥–æ–ª–∂–µ–Ω –≤–µ—Å—Ç–∏ —Å–µ–±—è –ø–æ-–¥—Ä—É–≥–æ–º—É, —Å –æ–¥–Ω–æ–π —Å—Ç–æ—Ä–æ–Ω—ã, —Å –¥—Ä—É–≥–æ–π —Å—Ç–æ—Ä–æ–Ω—ã, —Ç—ã —É–∂–µ –Ω–µ —Ä–µ—à–∞–µ—à—å —Ç–∞–∫, –∫–∞–∫ —Ä–∞–Ω—å—à–µ. –†–∞–Ω—å—à–µ –†–æ–Ω–∞–ª–¥—É —Ä–µ—à–∞–ª, –±—ã–ª —Å–∞–º—ã–º –≥–ª–∞–≤–Ω—ã–º –≤ –∫–æ–º–∞–Ω–¥–µ, —á—É—Ç—å –ª–∏ –Ω–µ –≤ –º–∏—Ä–æ–≤–æ–º —Ñ—É—Ç–±–æ–ª–µ.  –ò –º–æ–≥ –¥–∏–∫—Ç–æ–≤–∞—Ç—å —Å–≤–æ–∏ —É—Å–ª–æ–≤–∏—è. –°–µ–π—á–∞—Å –æ–Ω –ø–æ–Ω—è–ª, —á—Ç–æ —Ç–∞–∫ –Ω–µ –ø–æ–ª—É—á–∞–µ—Ç—Å—è. –ú–Ω–µ –æ—á–µ–Ω—å –Ω—Ä–∞–≤–∏—Ç—Å—è, —á—Ç–æ –†–æ–Ω–∞–ª–¥—É –∏–∑–º–µ–Ω–∏–ª —Å–≤–æ–µ –Ω–µ–ø–æ–≤–µ–¥–µ–Ω–∏–µ. –ò–∑–º–µ–Ω–∏–ª—Å—è –∏ –ø–µ—Ä–µ–¥ –±–æ–ª–µ–ª—å—â–∏–∫–∞–º–∏, –∏, –≤–∏–¥–∏–º–æ, –ø–µ—Ä–µ–¥ –¢–∞–Ω—Ö–∞–≥–æ–º. –í—ã—à–µ–ª –≤ –º–∞—Ç—á–µ —Å –®–µ—Ä–∏—Ñ–æ–º –∏ –∑–∞–±–∏–ª. –ò –Ω–∞ –Ω–µ–≥–æ –Ω–∞–≤–µ—Å–∏–ª–∏. –ü–æ—Ç–æ–º—É —á—Ç–æ –¥–æ —ç—Ç–æ–≥–æ –¥–∞–∂–µ –Ω–∞ –Ω–µ–≥–æ –Ω–µ –Ω–∞–≤–µ—à–∏–≤–∞–ª–∏. –ö–æ–º–∞–Ω–¥–∞ –Ω–µ —Ö–æ—Ç–µ–ª–∞ –Ω–∞ –Ω–µ–≥–æ –∏–≥—Ä–∞—Ç—å. –Ø –æ—á–µ–Ω—å –≤–µ—Ä—é, —á—Ç–æ –†–æ–Ω–∞–ª–¥—É –≤—Å–µ-—Ç–∞–∫–∏ –∏–∑–º–µ–Ω–∏—Ç—Å—è. –ò —Ç–µ–ø–µ—Ä—å —Å—Ç–∞–Ω–µ—Ç —Ä–µ–∞–ª—å–Ω–æ –∫–æ–º–∞–Ω–¥–Ω—ã–º –∏–≥—Ä–æ–∫–æ–º. –ò –≤ –ú–Æ –µ–≥–æ –¥–∞–∂–µ –ø—Ä–∏–º—É—Ç. –ú–æ–∂–µ—Ç –±—ã—Ç—å, –æ–Ω –¥–∞–∂–µ  –ó–∞–∫–æ–Ω—á–∏—Ç —Å–µ–∑–æ–Ω –≤ –ú–Æ. –í –æ–±—â–µ–º, –∫–∞–∫ —Å—á–∏—Ç–∞–µ—Ç–µ, —á—Ç–æ –±—É–¥–µ—Ç –¥–∞–ª—å—à–µ —Å –†–æ–Ω–∞–ª–¥—É? –°–º–æ–∂–µ—Ç –ª–∏ –æ–Ω –≤–µ—Ä–Ω—É—Ç—å—Å—è —Ö–æ—Ç—è –±—ã –≤ –ú–ò–ß 15 –∑–∞–±–∏—Ç—å –∑–∞ —Å–µ–∑–æ–Ω –∏–ª–∏ –Ω–µ—Ç? –û–±—Å—É–∂–¥–∞–µ–º."
https://cdn-st.rutubelist.ru/media/9f/ca/d5d0dedf44418e1a2b7d5cebe0e8/fhd.mp4,#–∫—Ä–∞—Å–∏–≤—ã–µ–¥–µ–≤—É—à–∫–∏ #hotgirl #–≥—Ä—É–¥—å #boobs,"–ñ–µ–Ω—â–∏–Ω–∞ —Å –¥–ª–∏–Ω–Ω—ã–º–∏ –≤–æ–ª–æ—Å–∞–º–∏ –∏ –∫—Ä–∞—Å–Ω—ã–º –≥–∞–ª—Å—Ç—É–∫–æ–º. –ñ–µ–Ω—â–∏–Ω–∞, —Å–∏–¥—è—â–∞—è –Ω–∞ —Å—Ç—É–ª–µ —Å —á–µ—Ä–Ω–æ -–±–µ–ª—ã–º –ø–æ–ª–æ—Å–∞—Ç—ã–º –≥–∞–ª—Å—Ç—É–∫–æ–º. –ò–∑–æ–±—Ä–∞–∂–µ–Ω–∏–µ —á–µ–ª–æ–≤–µ–∫–∞, —Å—Ç–æ—è—â–µ–≥–æ –ø–µ—Ä–µ–¥ –∫–∞–º–µ—Ä–æ–π. –ñ–µ–Ω—â–∏–Ω–∞ –≤ –ø–ª–∞—Ç—å–µ —Å –±–µ–ª—ã–º –ø—Ä–µ–¥–º–µ—Ç–æ–º.",–ñ–µ–Ω—â–∏–Ω–∞ —Å –¥–ª–∏–Ω–Ω—ã–º–∏ –≤–æ–ª–æ—Å–∞–º–∏ –∏ –∫—Ä–∞—Å–Ω—ã–º –≥–∞–ª—Å—Ç—É–∫–æ–º.,A woman with long hair and a red tie. A woman sitting on a chair with a black and white striped tie. A picture of a person standing in front of a camera. A woman in a dress holding a white object.,A woman with long hair and a red tie.,
https://cdn-st.rutubelist.ru/media/a4/d2/8e9737fd445faf0a20151f8c39f5/fhd.mp4,,"–ö–∞—Ä—Ç–∏–Ω–∞ –∂–µ–Ω—â–∏–Ω—ã, —Å–∏–¥—è—â–µ–π –Ω–∞ —Å–∫–∞–º–µ–π–∫–µ. –ö–∞—Ä—Ç–∏–Ω–∞ –∂–µ–Ω—â–∏–Ω—ã, –¥–µ—Ä–∂–∞—â–µ–π –Ω–æ–∂ –∏ –ø—Ç–∏—Ü—É. –ì—Ä—É–ø–ø–∞ –ª—é–¥–µ–π, –æ–¥–µ—Ç—ã—Ö –≤ –∫–æ—Å—Ç—é–º—ã –Ω–∞ –¥–µ—Ä–µ–≤–µ. –ö–∞—Ä—Ç–∏–Ω–∞ –º–µ–¥–≤–µ–¥—è —Å –ª–∏—Ü–æ–º, –Ω–∞—Ä–∏—Å–æ–≤–∞–Ω–Ω—ã–º –Ω–∞ –Ω–µ–º. –ò–∑–æ–±—Ä–∞–∂–µ–Ω–∏–µ –º—É–∂—á–∏–Ω—ã –≤ –∑–µ–ª–µ–Ω–æ–π —Ä—É–±–∞—à–∫–µ –∏ –∑–µ–ª–µ–Ω–æ–≥–æ —Å–≤–∏—Ç–µ—Ä–∞. –ß–µ–ª–æ–≤–µ–∫ –≤ —à–ª—è–ø–µ –∏ —à–∞—Ä—Ñ —Å—Ç–æ–∏—Ç –ø–µ—Ä–µ–¥ –¥–µ—Ä–µ–≤–æ–º. –§–æ—Ç–æ–≥—Ä–∞—Ñ–∏—è —á–µ–ª–æ–≤–µ–∫–∞ —Å —à–ª—è–ø–æ–π. –ß–µ–ª–æ–≤–µ–∫ –≤ –∫–æ—Å—Ç—é–º–µ, —Å—Ç–æ—è—â–∏–π –ø–µ—Ä–µ–¥ –∫–∞—Ä—Ç–∏–Ω–æ–π. –ñ–µ–Ω—â–∏–Ω–∞, —Å—Ç–æ—è—â–∞—è —Ä—è–¥–æ–º —Å –¥–µ—Ä–µ–≤–æ–º —Å –∫–æ—à–∫–æ–π –Ω–∞ –Ω–µ–º. –ß–µ–ª–æ–≤–µ–∫ –≤ –∫–æ—Å—Ç—é–º–µ –∏ –≥–∞–ª—Å—Ç—É–∫–µ, —Å—Ç–æ—è—â–∏–π —Ä—è–¥–æ–º —Å–æ —Å—Ç–∞—Ç—É–µ–π. –ö–∞—Ä—Ç–∏–Ω–∞ –º—É–∂—á–∏–Ω—ã –∏ –∂–µ–Ω—â–∏–Ω—ã –Ω–∞ –ª–æ—à–∞–¥–∏. –§–æ—Ç–æ–≥—Ä–∞—Ñ–∏—è –∂–µ–Ω—â–∏–Ω—ã —Å —à–ª—è–ø–æ–π. –°—Ç–∞—Ç—É—è –º–µ–¥–≤–µ–¥—è —Å —Å–∏–Ω–∏–º –ª–∏—Ü–æ–º. –ß–µ–ª–æ–≤–µ–∫ –ª–µ—Ç–∏—Ç –Ω–∞ –≤–æ–∑–¥—É—Ö–µ. –ñ–µ–Ω—â–∏–Ω–∞ –≤ —à–ª—è–ø–µ –∏ —à–∞—Ä—Ñ —Å—Ç–æ–∏—Ç –ø–µ—Ä–µ–¥ –¥–µ—Ä–µ–≤–æ–º. –ß–µ–ª–æ–≤–µ–∫ —Å–æ —à–ª—è–ø–æ–π –∏ —É—Å–∞–º–∏. –õ—ã–∂–Ω–∏–∫ —Å–ø—Ä—ã–≥–∏–≤–∞–µ—Ç —Å —Ä–∞–º–ø–∞ –≤ –≤–æ–∑–¥—É—Ö. –ì—Ä—É–ø–ø–∞ –ª—é–¥–µ–π, –æ–¥–µ—Ç—ã—Ö –≤ –∫–æ—Å—Ç—é–º—ã, —Å—Ç–æ—è—â–∏–µ —Ä—è–¥–æ–º –¥—Ä—É–≥ —Å –¥—Ä—É–≥–æ–º. –°—Ç–∞—Ç—É—è –º—É–∂—á–∏–Ω—ã –∏ –∂–µ–Ω—â–∏–Ω—ã –≤ –∫–æ—Å—Ç—é–º–µ. –ß–µ–ª–æ–≤–µ–∫ —Å –±–æ—Ä–æ–¥–æ–π –∏ —à–ª—è–ø–æ–π. –ñ–µ–Ω—â–∏–Ω–∞, —Å–∏–¥—è—â–∞—è –Ω–∞ —Å–∫–∞–º–µ–π–∫–µ —Ä—è–¥–æ–º —Å –¥–µ—Ä–µ–≤–æ–º. –ñ–µ–Ω—â–∏–Ω–∞ –Ω–∞ —á–µ—Ä–Ω–æ -–±–µ–ª–æ–π —Ñ–æ—Ç–æ–≥—Ä–∞—Ñ–∏–∏ —Å –∑–µ–ª–µ–Ω–æ–π —à–ª—è–ø–æ–π. –ß–µ–ª–æ–≤–µ–∫ –≤ —à–ª—è–ø–µ –∏ —à–∞—Ä—Ñ —Å—Ç–æ–∏—Ç –≤–æ–∑–ª–µ –¥–µ—Ä–µ–≤–∞. –ñ–µ–Ω—â–∏–Ω–∞, —Å—Ç–æ—è—â–∞—è –ø–µ—Ä–µ–¥ —Ü–≤–µ—Ç–æ—á–Ω—ã–º —Å–∞–¥–æ–º.",–§–æ—Ç–æ–≥—Ä–∞—Ñ–∏—è —á–µ–ª–æ–≤–µ–∫–∞ —Å —à–ª—è–ø–æ–π.,A painting of a woman sitting on a bench. A painting of a woman holding a knife and a bird. A group of people dressed in costumes on a tree. A painting of a bear with a face painted on it. A picture of a man in a green shirt and a green sweater. A man in a hat and a scarf is standing in front of a tree. A picture of a man with a hat on. A man in a costume standing in front of a painting. A woman standing next to a tree with a cat on it. A man in a suit and tie standing next to a statue. A painting of a man and a woman on a horse. A picture of a woman with a hat on. A statue of a bear with a blue face. A person is flying a kite in the air. A woman in a hat and a scarf is standing in front of a tree. A man with a hat and a mustache. A skier is jumping off a ramp into the air. A group of people dressed in costumes standing next to each other. A statue of a man and a woman in a costume. A man with a beard and a hat on. A woman sitting on a bench next to a tree. A woman in a black and white photo with a green hat. A man in a hat and a scarf is standing near a tree. A woman standing in front of a flower garden.,A picture of a man with a hat on.," –†–∞—Å—Å–∫–∞–∂–∏ –º–Ω–µ –æ —Å–µ–±–µ, —è –Ω–µ –æ—Å—Ç–∞–Ω—É—Å—å –≤ –¥–æ–ª–≥—É. –†–∞–∑ –≤ –±–æ–≥–∏–Ω—é —Ç—ã –Ω–µ –≤–µ—Ä—É–µ—à—å, —è –ø–æ—Ö–≤–∞–ª—é —Ç–µ–±—è –≤–º–µ—Å—Ç–æ –Ω–µ—ë. –ß–µ—Å—Ç–Ω–æ –≥–æ–≤–æ—Ä—è, —è –Ω–µ –æ–∂–∏–¥–∞–ª–∞, —á—Ç–æ —Ç—ã –Ω–∞–π–¥—ë—à—å –¥–µ–Ω—å–≥–∏ –Ω–∞ –º–µ—Å—Ç–Ω—ã–π –ø—Ä–∏—é—Ç, –ö–∞–π—Ç–µ—Ä. –Ø –≤–µ–¥—å —Ç–æ–∂–µ —Å–∏—Ä–æ—Ç–∞. –£–≤–µ—Ä–µ–Ω, –Ω–∞—à–∞ –±–æ–≥–∏–Ω—è –ø–æ—Ö–≤–∞–ª–∏—Ç –º–µ–Ω—è –∑–∞ —á–µ—Å—Ç–Ω—É—é –∏ –ø—Ä–∞–≤–µ–¥–Ω—É—é –∂–∏–∑–Ω—å. –≠—Ç–æ —Ç—ã –∑–∞ –∫—Ä—É–∂–∫–æ–π –ø–∏–≤–∞ –ø—Ä–æ –ø—Ä–∞–≤–µ–¥–Ω–æ—Å—Ç—å –≥–æ–≤–æ—Ä–∏—à—å, —Ö–º–µ–ª—å–Ω—É—é —Å–≤—è—Ç–æ—à–∞?  –§—Ä–∏—Ä–æ–Ω, –∞ –µ—Å—Ç—å –∫–æ–º—É —Ç–µ–±—è –ø–æ—Ö–≤–∞–ª–∏—Ç—å. –ù–µ –ø–æ—Ö–æ–∂–µ, —á—Ç–æ —Ç—ã –≤–µ—Ä–∏—à—å –≤ –±–æ–≥–∏–Ω—é. –ï—Å–ª–∏ —Ä–∞—Å—Å–∫–∞–∂–µ—à—å –æ —Å–µ–±–µ, —è –ø–æ—Ö–≤–∞–ª—é —Ç–µ–±—è –≤–º–µ—Å—Ç–æ –Ω–µ–µ. –ú–Ω–µ –æ—Å–æ–±–æ –∏ –Ω–µ—á–µ–≥–æ —Ä–∞—Å—Å–∫–∞–∑—ã–≤–∞—Ç—å. –Ø –ª–µ–Ω–∏–≤–∞ –∏ –Ω–∏–∫–∞–∫–∏—Ö –ø–æ–¥–≤–∏–≥–æ–≤ –Ω–µ —Å–æ–≤–µ—Ä—à–∏–ª–∞. –ê –∫—Ç–æ –ø–æ—Å—Ç–æ—è–Ω–Ω–æ –º–∞–≥–∏—é —Å–≤–æ—é –ø–æ–¥–∞–≤–ª—è–µ—Ç, –∫–∞–∫ –ø–æ –º–Ω–µ, —Ç–∞–∫ —ç—Ç–æ –≤–µ–ª–∏–∫–æ–µ –¥–µ–ª–æ. –¢–∞–∫ —Ç—ã –∑–∞–º–µ—Ç–∏–ª? –°–∫–æ–ª—å–∫–æ –ª–µ—Ç –º—ã, –ø–æ-—Ç–≤–æ–µ–º—É, –ø—É—Ç–µ—à–µ—Å—Ç–≤—É–µ–º –≤–º–µ—Å—Ç–µ? –¢–µ–±–µ –≤—Ä—è–¥ –ª–∏ –ø—Ä–∏–¥–µ—Ç—Å—è –ø–æ –≤–∫—É—Å—É –º–æ—è –∏—Å—Ç–æ—Ä–∏—è. –ù–∏—á–µ–≥–æ —Å—Ç—Ä–∞—à–Ω–æ–≥–æ. –ì–ª—è–¥–∏—à—å, –≤ –±—É–¥—É—â–µ–º –ø—Ä–∏–≥–æ–¥–∏—Ç—Å—è.  –ò –ø–æ—á–µ–º—É —Å—Ä–µ–¥–∏ –ø–æ—Å–ª–µ–¥–æ–≤–∞—Ç–µ–ª–µ–π –±–æ–≥–∏–Ω–∏ —Å—Ç–æ–ª—å–∫–æ —á—É–¥–∞–∫–æ–≤? –°–ø–∞—Å–∏–±–æ, –Ω–æ –Ω–µ—Ç. –ú–µ–Ω—è —É–∂–µ –æ–¥–Ω–∞–∂–¥—ã –ø–æ—Ö–≤–∞–ª–∏–ª–∏. –Ø—Å–Ω–æ. –§—Ä–∏—Ä–∞, —ç—Ç–æ –Ω–∞–≤–µ—Ä–Ω—è–∫–∞ –Ω–µ –ø–æ—Å–ª–µ–¥–Ω—è—è –Ω–∞—à–∞ –≤—Å—Ç—Ä–µ—á–∞. –£–≤–∏–¥–∏–º—Å—è —á–µ—Ä–µ–∑ –Ω–µ—Å–∫–æ–ª—å–∫–æ —Å—Ç–æ–ª–µ—Ç–∏–π."
https://cdn-st.rutubelist.ru/media/a3/9f/2352de2748b3868df583d51a402b/fhd.mp4,#—Å–ø–æ—Ä—Ç #–Ω–∞—Å–ø–æ—Ä—Ç–µ #–∑–¥–æ—Ä–æ–≤—å–µ #—Å–æ–≤–µ—Ç #—Å–æ–≤–µ—Ç—ã,"–ú—É–∂—á–∏–Ω–∞ –≤ —à–ª—è–ø–µ –∏ —Å–æ–ª–Ω—Ü–µ–∑–∞—â–∏—Ç–Ω—ã—Ö –æ—á–∫–∞—Ö, –ø–æ–∑–∏—Ä—É—é—â–∏—Ö –¥–ª—è –∫–∞—Ä—Ç–∏–Ω—ã.","–ú—É–∂—á–∏–Ω–∞ –≤ —à–ª—è–ø–µ –∏ —Å–æ–ª–Ω—Ü–µ–∑–∞—â–∏—Ç–Ω—ã—Ö –æ—á–∫–∞—Ö, –ø–æ–∑–∏—Ä—É—é—â–∏—Ö –¥–ª—è –∫–∞—Ä—Ç–∏–Ω—ã.",A man wearing a hat and sunglasses posing for a picture.,A man wearing a hat and sunglasses posing for a picture.," 28 —ç—Ç–æ –º–∞–ª–æ. –¢–æ, —á—Ç–æ –≤—ã –Ω–∞—á–∞–ª–∏ –ø—Ä–∏–Ω–∏–º–∞—Ç—å 5 —Ç—ã—Å—è—á 2 —Ä–∞–∑–∞ –≤ –¥–µ–Ω—å, —ç—Ç–æ 10 —Ç—ã—Å—è—á. –Ø –¥—É–º–∞—é, —á—Ç–æ —á–µ—Ä–µ–∑ –ø–∞—Ä—É –º–µ—Å—è—Ü–µ–≤ –≤–∞–º –Ω—É–∂–Ω–æ –ø—Ä–æ—Å—Ç–æ –ø–µ—Ä–µ–ø—Ä–æ–≤–µ—Ä–∏—Ç—å —É—Ä–æ–≤–µ–Ω—å –≤–∏—Ç–∞–º–∏–Ω–∞ D. –ü—Ä–∏ —Ç–∞–∫–æ–π –¥–æ–∑–∏—Ä–æ–≤–∫–µ –æ–Ω –æ–¥–Ω–æ–∑–Ω–∞—á–Ω–æ –ø–æ–≤—ã—Å–∏—Ç—Å—è. –ê —Ç–∞–º –¥–∞–ª—å—à–µ —É–∂–µ –±—É–¥–µ—Ç –ø–æ–¥–¥–µ—Ä–∂–∏–≤–∞—é—â–∞—è –¥–æ–∑–∏—Ä–æ–≤–∫–∞."
https://cdn-st.rutubelist.ru/media/ac/08/3604604b4b8b89e34db1e0e91863/fhd.mp4,#–∫—Ä–∞—Å–∏–≤—ã–µ–¥–µ–≤—É—à–∫–∏ #hotgirl #–ø–æ–ø–∞ #ass #–≥—Ä—É–¥—å #boobs #–π–æ–≥–∞,"–î–µ–≤—É—à–∫–∞ —Å–∏–¥–∏—Ç –Ω–∞ —Å–∫–∞–º–µ–π–∫–µ —Å —Ä–æ–∑–æ–≤–æ–π —Ä—É–±–∞—à–∫–æ–π. –ñ–µ–Ω—â–∏–Ω–∞, —Å–∏–¥—è—â–∞—è –Ω–∞ —Å–∫–∞–º–µ–π–∫–µ —Å –Ω–æ–∂–æ–º. –ñ–µ–Ω—â–∏–Ω–∞, —Å–∏–¥—è—â–∞—è –Ω–∞ —Å–∫–∞–º–µ–π–∫–µ —Å —Ü–≤–µ—Ç–æ–º –≤ —Ä—É–∫–µ. –ú–æ–ª–æ–¥–∞—è –¥–µ–≤—É—à–∫–∞, —Å–∏–¥—è—â–∞—è –Ω–∞ —Å–∫–∞–º–µ–π–∫–µ –≤ –ª–µ—Å—É. –ñ–µ–Ω—â–∏–Ω–∞, –ª–µ–∂–∞—â–∞—è –Ω–∞ —Å–∫–∞–º–µ–π–∫–µ —Å —Å–æ–±–∞–∫–æ–π. –î–µ–≤—É—à–∫–∞, —Å–∏–¥—è—â–∞—è –Ω–∞ —Å–∫–∞–º–µ–π–∫–µ —Å–æ —Å–∫—Ä–µ—â–µ–Ω–Ω–æ–π –Ω–æ–≥–∞–º–∏. –ñ–µ–Ω—â–∏–Ω–∞, –ª–µ–∂–∞—â–∞—è –Ω–∞ —Å–∫–∞–º–µ–π–∫–µ –≤ –ª–µ—Å—É. –ñ–µ–Ω—â–∏–Ω–∞, –ª–µ–∂–∞—â–∞—è –Ω–∞ –æ–¥–µ—è–ª–µ –Ω–∞ —Å–∫–∞–º–µ–π–∫–µ. –ñ–µ–Ω—â–∏–Ω–∞, —Å–∏–¥—è—â–∞—è –Ω–∞ —Å–∫–∞–º–µ–π–∫–µ —Å —Ä–æ–∑–æ–≤—ã–º –≥–∞–ª—Å—Ç—É–∫–æ–º -–±–∞–±–æ—á–∫–æ–π. –ñ–µ–Ω—â–∏–Ω–∞ –≤ –±–∏–∫–∏–Ω–∏, —Å–∏–¥—è—â–∞—è –Ω–∞ —Å–∫–∞–º–µ–π–∫–µ.","–ñ–µ–Ω—â–∏–Ω–∞, –ª–µ–∂–∞—â–∞—è –Ω–∞ —Å–∫–∞–º–µ–π–∫–µ —Å —Å–æ–±–∞–∫–æ–π.",A girl sitting on a bench with a pink shirt. A woman sitting on a bench with a knife. A woman sitting on a bench with a flower in her hand. A young girl sitting on a bench in the woods. A woman laying on a bench with a dog. A girl sitting on a bench with her legs crossed. A woman laying on a bench in the woods. A woman laying on a blanket on a bench. A woman sitting on a bench with a pink bow tie. A woman in a bikini sitting on a bench.,A woman laying on a bench with a dog., –†–µ–¥–∞–∫—Ç–æ—Ä —Å—É–±—Ç–∏—Ç—Ä–æ–≤ –¢.–ì–æ—Ä–µ–ª–æ–≤–∞ –ö–æ—Ä—Ä–µ–∫—Ç–æ—Ä –ê.–ï–≥–æ—Ä–æ–≤–∞
https://cdn-st.rutubelist.ru/media/5a/35/65c80c3047d08634922cb22f1fee/fhd.mp4,#–∫—Ä–∞—Å–∏–≤—ã–µ–¥–µ–≤—É—à–∫–∏ #–≥—Ä—É–¥—å #boobs #–ø–æ–ø–∞ #ass #–±–∏–∫–∏–Ω–∏ #lingerie,"–ñ–µ–Ω—â–∏–Ω–∞, —Å–∏–¥—è—â–∞—è –Ω–∞ –∫—Ä–æ–≤–∞—Ç–∏ —Å —á–µ—Ä–Ω—ã–º –ø–ª–∞—Ç—å–µ–º. –ñ–µ–Ω—â–∏–Ω–∞ –≤ —á–µ—Ä–Ω–æ–º –ø–ª–∞—Ç—å–µ —Å–∏–¥–∏—Ç –Ω–∞ –∫—Ä–æ–≤–∞—Ç–∏.",–ñ–µ–Ω—â–∏–Ω–∞ –≤ —á–µ—Ä–Ω–æ–º –ø–ª–∞—Ç—å–µ —Å–∏–¥–∏—Ç –Ω–∞ –∫—Ä–æ–≤–∞—Ç–∏.,A woman sitting on a bed with a black dress. A woman in a black dress sitting on a bed.,A woman in a black dress sitting on a bed.,
https://cdn-st.rutubelist.ru/media/03/eb/47329b1943349255453b6cec625d/fhd.mp4,#—É—Ö–æ–¥–∑–∞–∫–æ–∂–µ–π #—É—Ö–æ–¥–∑–∞—Å–æ–±–æ–π #–±—å—é—Ç–∏—Ä—É—Ç–∏–Ω–∞ #–±—å—é—Ç–∏ #–Ω–æ–≥–æ—Ç–æ—á–∫–∏ #–º–∞–Ω–∏–∫—é—Ä #–ø—Ä–∏—á–µ—Å–∫–∞ #—É–∫–ª–∞–¥–∫–∞ #—É—Ö–æ–¥ #–±—å—é—Ç–∏—Ä—É—Ç–∏–Ω–∞,"–ü–∞—Ä–∫–æ–≤–æ—á–Ω—ã–π —Å—á–µ—Ç—á–∏–∫, —Å–∏–¥—è—â–∏–π –Ω–∞ –≤–µ—Ä—à–∏–Ω–µ –ø–æ–ª–∞. –†—É–∫–∞, –¥–µ—Ä–∂–∞—â–∞—è –±–µ–ª—É—é —á–∞—à–∫—É —Å –∑–µ–ª–µ–Ω–æ–π –∏ –±–µ–ª–æ–π —ç—Ç–∏–∫–µ—Ç–∫–æ–π. –ß–µ–ª–æ–≤–µ–∫, –¥–µ—Ä–∂–∞—â–∏–π –±–µ–ª—É—é —á–∞—à–∫—É —Å —Å–∏–Ω–µ–π –∏ –±–µ–ª–æ–π —á–∞—à–∫–æ–π. –ó–Ω–∞–∫, –∫–æ—Ç–æ—Ä—ã–π –≥–æ–≤–æ—Ä–∏—Ç ¬´–Ω–µ –ø–µ–π¬ª –≤ –∑–¥–∞–Ω–∏–∏. –ó–Ω–∞–∫, –∫–æ—Ç–æ—Ä—ã–π –≥–æ–≤–æ—Ä–∏—Ç ¬´–Ω–µ –≤—Ö–æ–¥–∏—Ç–µ¬ª –≤ –∑–¥–∞–Ω–∏–∏. –ú–∞–≥–∞–∑–∏–Ω —Å –±–æ–ª—å—à–∏–º –∫–æ–ª–∏—á–µ—Å—Ç–≤–æ–º –∫–Ω–∏–≥ –Ω–∞ –ø–æ–ª–∫–∞—Ö. –†—É–∫–∞ —Å –±–µ–ª–æ–π –∏ —Å–∏–Ω–µ–π –±—É—Ç—ã–ª–∫–æ–π –º–æ–ª–æ–∫–∞. –ë–æ–ª—å—à–æ–π —Ä—ã–Ω–æ–∫ –ø–æ–¥ –æ—Ç–∫—Ä—ã—Ç—ã–º –Ω–µ–±–æ–º —Å –±–æ–ª—å—à–∏–º –∫–æ–ª–∏—á–µ—Å—Ç–≤–æ–º –∑–Ω–∞–∫–æ–≤.",–ë–æ–ª—å—à–æ–π —Ä—ã–Ω–æ–∫ –ø–æ–¥ –æ—Ç–∫—Ä—ã—Ç—ã–º –Ω–µ–±–æ–º —Å –±–æ–ª—å—à–∏–º –∫–æ–ª–∏—á–µ—Å—Ç–≤–æ–º –∑–Ω–∞–∫–æ–≤.,"A parking meter sitting on top of a floor. A hand holding a white cup with a green and white label. A person holding a white cup with a blue and white cup. A sign that says ""Don't Drink"" on a building. A sign that says ""Don't Enter"" on a building. A store with a lot of books on the shelves. A hand holding a white and blue bottle of milk. A large open air market with a lot of signs.",A large open air market with a lot of signs.," –°–∞–º–∞—è –ª—É—á—à–∞—è –ø–µ–Ω–∫–∞ –¥–ª—è —É–º—ã–≤–∞–Ω–∏—è. –ê —Ç—ã –ø–æ–∫–∞ –ø–æ–¥–ø–∏—Å—ã–≤–∞–π—Å—è, –º—ã –ø–µ—Ä–µ–ø—Ä–æ–±—É–µ–º —Å —Ç–æ–±–æ–π –º–∏–ª–ª–∏–æ–Ω –±—Ä–µ–Ω–¥–æ–≤. –¢–∞–∫ –≤–æ—Ç, —ç—Ç–∞ –ø–µ–Ω–∫–∞ –ø—Ä–æ—Å—Ç–æ —á—É–¥–æ –∏–∑ —á—É–¥–µ—Å. –î–ª—è —á–µ—Ç—ã—Ä–µ—Ö —Å–∞–º—ã—Ö —Ä–∞—Å–ø—Ä–æ—Å—Ç—Ä–∞–Ω–µ–Ω–Ω—ã—Ö –ø—Ä–æ–±–ª–µ–º. –£–≤–ª–∞–∂–Ω–µ–Ω–∏–µ. –î–ª—è –∫–æ–∂–∏ —Å–∫–ª–æ–Ω–Ω–æ–π –∫ –∞–∫–Ω–µ. –≠–∫—Å—Ç—Ä–∞ —É–≤–ª–∞–∂–Ω–µ–Ω–∏–µ. –ò –∫–æ–Ω—Ç—Ä–æ–ª—å –°–µ–±—É–º–∞."
https://cdn-st.rutubelist.ru/media/28/b0/88ac63a546cb8174020a95470591/fhd.mp4,#–∞–≤—Ç–æ #auto #vehicle #—Ç–∞—á–∫–∏ #bmw #–ø—É—Ç–µ—à–µ—Å—Ç–≤–∏–µ,"–ê–≤—Ç–æ–º–æ–±–∏–ª—å –µ–¥–µ—Ç –ø–æ —à–æ—Å—Å–µ —Å –º–∞—à–∏–Ω–æ–π –Ω–∞ –∑–∞–¥–Ω–µ–º –ø–ª–∞–Ω–µ. –í–∏–¥ –Ω–∞ –≥–æ—Ä—É —Å –≤–∏–¥–æ–º –Ω–∞ —Ä–µ–∫—É. –í–∏–¥ –Ω–∞ —à–æ—Å—Å–µ —Å —Å–∞–º–æ–ª–µ—Ç–∞. –ê–≤—Ç–æ–º–æ–±–∏–ª—å –µ–¥–µ—Ç –ø–æ –¥–æ—Ä–æ–≥–µ —Å –≥–æ—Ä–æ–π –Ω–∞ –∑–∞–¥–Ω–µ–º –ø–ª–∞–Ω–µ. –ê–≤—Ç–æ–º–æ–±–∏–ª—å –µ–¥–µ—Ç –ø–æ —à–æ—Å—Å–µ —Å –≥–æ—Ä–∞–º–∏ –Ω–∞ –∑–∞–¥–Ω–µ–º –ø–ª–∞–Ω–µ. –í–∏–¥ –Ω–∞ –≥–æ—Ä—É —Å —Å–∞–º–æ–ª–µ—Ç–∞. –í–∏–¥ –Ω–∞ –≥–æ—Ä—É —Å –ø–æ–µ–∑–¥–æ–º, –ø—Ä–æ—Ö–æ–¥—è—â–∏–º –º–∏–º–æ. –ê–≤—Ç–æ–º–æ–±–∏–ª—å –µ—Ö–∞–µ—Ç –ø–æ –¥–æ—Ä–æ–≥–µ —Å –≥–æ–ª—É–±—ã–º –Ω–µ–±–æ–º –Ω–∞ –∑–∞–¥–Ω–µ–º –ø–ª–∞–Ω–µ. –í–∏–¥ –Ω–∞ –≥–æ—Ä–Ω—ã–π —Ö—Ä–µ–±–µ—Ç –æ—Ç –ø–æ–µ–∑–¥–∞. –ê–≤—Ç–æ–º–æ–±–∏–ª—å –µ–¥–µ—Ç –ø–æ –¥–æ—Ä–æ–≥–µ —Å –≥–æ—Ä–∞–º–∏ –Ω–∞ –∑–∞–¥–Ω–µ–º –ø–ª–∞–Ω–µ. –ê–≤—Ç–æ–º–æ–±–∏–ª—å –µ—Ö–∞–µ—Ç –ø–æ —à–æ—Å—Å–µ —Å –≥–æ—Ä–æ–π –Ω–∞ –∑–∞–¥–Ω–µ–º –ø–ª–∞–Ω–µ. –ê–≤—Ç–æ–º–æ–±–∏–ª—å –µ–¥–µ—Ç –ø–æ –¥–æ—Ä–æ–≥–µ –≤ —Ç–µ–º–Ω–æ—Ç–µ. –ê–≤—Ç–æ–º–æ–±–∏–ª—å –µ–¥–µ—Ç –ø–æ —à–æ—Å—Å–µ —Ä—è–¥–æ–º —Å –≥–æ—Ä–æ–π. –ê–≤—Ç–æ–º–æ–±–∏–ª—å –µ–¥–µ—Ç –ø–æ —É–ª–∏—Ü–µ —Å –∑–µ–ª–µ–Ω–æ–π –º–∞—à–∏–Ω–æ–π –∑–∞ –Ω–µ–π. –ê–≤—Ç–æ–º–æ–±–∏–ª—å –µ–¥–µ—Ç –ø–æ –¥–æ—Ä–æ–≥–µ —Å –≥–æ—Ä–æ–π –Ω–∞ –∑–∞–¥–Ω–µ–º –ø–ª–∞–Ω–µ. –ê–≤—Ç–æ–º–æ–±–∏–ª—å –µ–¥–µ—Ç –ø–æ —à–æ—Å—Å–µ —Å –º–∞—à–∏–Ω–æ–π –Ω–∞ –¥–æ—Ä–æ–≥–µ. –ê–≤—Ç–æ–º–æ–±–∏–ª—å –µ–¥–µ—Ç –ø–æ —à–æ—Å—Å–µ —Å –≥–æ—Ä–∞–º–∏ –Ω–∞ –∑–∞–¥–Ω–µ–º –ø–ª–∞–Ω–µ. –ò–∑–æ–±—Ä–∞–∂–µ–Ω–∏–µ –ø–æ–µ–∑–¥–∞, –ø—É—Ç–µ—à–µ—Å—Ç–≤—É—é—â–µ–≥–æ –ø–æ —Ç—Ä–∞—Å—Å–∞–º. –ò–∑–æ–±—Ä–∞–∂–µ–Ω–∏–µ —á–µ—Ä–Ω–æ -–±–µ–ª–æ–≥–æ –∏–∑–æ–±—Ä–∞–∂–µ–Ω–∏—è –º–æ–±–∏–ª—å–Ω–æ–≥–æ —Ç–µ–ª–µ—Ñ–æ–Ω–∞. –í–∏–¥ –Ω–∞ –≥–æ—Ä–Ω—ã–π —Ö—Ä–µ–±–µ—Ç –æ—Ç –≥–æ—Ä—ã. –ê–≤—Ç–æ–º–æ–±–∏–ª—å –µ–¥–µ—Ç –ø–æ –¥–æ—Ä–æ–≥–µ —Ä—è–¥–æ–º —Å –∫–æ—Ä–æ–≤–æ–π.",–í–∏–¥ –Ω–∞ –≥–æ—Ä–Ω—ã–π —Ö—Ä–µ–±–µ—Ç –æ—Ç –ø–æ–µ–∑–¥–∞.,A car driving down a highway with a car in the background. A view of a mountain with a view of a river. A view of a highway from a plane. A car is driving down a road with a mountain in the background. A car is driving down a highway with mountains in the background. A view of a mountain from a plane. A view of a mountain with a train passing by. A car is driving down a road with a blue sky in the background. A view of a mountain range from a train. A car is driving down a road with mountains in the background. A car is driving down a highway with a mountain in the background. A car is driving down the road in the dark. A car driving down a highway next to a mountain. A car is driving down a street with a green car behind it. A car driving down a road with a mountain in the background. A car driving down a highway with a car on the road. A car driving down a highway with mountains in the background. A picture of a train traveling down the tracks. A picture of a black and white image of a cell phone. A view of a mountain range from a mountain. A car driving down a road next to a cow.,A view of a mountain range from a train., –º–∏–≥
https://cdn-st.rutubelist.ru/media/bf/6a/f040f0dd4afc90b8eb12c8d76571/fhd.mp4,,"–î–≤–µ –∂–µ–Ω—â–∏–Ω—ã, —Å—Ç–æ—è—â–∏–µ –≤ –∫–æ–º–Ω–∞—Ç–µ —Å –∫–æ–Ω—Ç—Ä–æ–ª–ª–µ—Ä–æ–º Wii. –ñ–µ–Ω—â–∏–Ω–∞, —Å—Ç–æ—è—â–∞—è —Ä—è–¥–æ–º —Å –º—É–∂—á–∏–Ω–æ–π –≤ –∫–æ–º–Ω–∞—Ç–µ. –ñ–µ–Ω—â–∏–Ω–∞ –∏ –º—É–∂—á–∏–Ω–∞, —Å—Ç–æ—è—â–∏–π —Ä—è–¥–æ–º –¥—Ä—É–≥ —Å –¥—Ä—É–≥–æ–º. –î–≤–µ –∂–µ–Ω—â–∏–Ω—ã, —Å—Ç–æ—è—â–∏–µ —Ä—è–¥–æ–º –¥—Ä—É–≥ —Å –¥—Ä—É–≥–æ–º –≤ –∫–æ–º–Ω–∞—Ç–µ. –ñ–µ–Ω—â–∏–Ω–∞ –∏ –º–æ–ª–æ–¥–∞—è –¥–µ–≤—É—à–∫–∞, —Å—Ç–æ—è—â–∞—è –≤ –∫–æ–º–Ω–∞—Ç–µ.","–ñ–µ–Ω—â–∏–Ω–∞ –∏ –º—É–∂—á–∏–Ω–∞, —Å—Ç–æ—è—â–∏–π —Ä—è–¥–æ–º –¥—Ä—É–≥ —Å –¥—Ä—É–≥–æ–º.",Two women standing in a room with a Wii controller. A woman standing next to a man in a room. A woman and a man standing next to each other. Two women standing next to each other in a room. A woman and a young girl standing in a room.,A woman and a man standing next to each other.," –Ø –∫–æ–≥–¥–∞ –º–æ–ª–æ–¥–∞—è –±—ã–ª–∞, —à—Ç–∞–Ω–≥—É –ø–æ–¥–Ω–∏–º–∞–ª–∞ 300 –∫–∏–ª–æ–≥—Ä–∞–º–º. –î–∞ –Ω–µ –≤—Ä–∏! –ö–∞–∫–∏–µ 300? –Ø –ø–æ–¥–Ω–∏–º–∞–ª–∞! –¢—Ä–∞–∫—Ä–∞–Ω–±–∞–ª–∫ —á—Ç–æ –ª–∏? –ü–æ–¥–Ω–∏–º–∞–ª —è! –≠—Ç–æ –∂–µ –±–æ—á–∫–∞ 200 –∫–∏–ª–æ–≥—Ä–∞–º–º! –Ø –ø–æ–¥–Ω–∏–º–∞–ª–∞! –í—Å—é –∂–∏–∑–Ω—å –≤—Ä—ë—à—å! –Ø –ø–æ–¥–Ω–∏–º–∞–ª–∞! –í—Ä—ë—à—å –≤—Å—é –∂–∏–∑–Ω—å! –Ø –ø–æ–¥–Ω–∏–º–∞–ª–∞! –í—Ä—ë—à—å! –ü—Ä–∞–≤–¥–∞ –Ω–µ –ø–æ–¥–Ω—è–ª–∞!"
https://cdn-st.rutubelist.ru/media/73/48/47a9e25b4b36bc6254d29f42787a/fhd.mp4,"#boobs , #bigass , #girls , #pussy , #–µ–¥–∞ , 
#–≥–æ—Ç–æ–≤–∫–∞ , #—Ä–µ—Ü–µ–ø—Ç , #–∫—É–∫–∏–Ω–≥ , #–º–∏—Å—Ç–∏–∫–∞ , #—Å—Ç—Ä–∞—à–∏–ª–∫–∞ , 
#horror , #–±–∏–∑–Ω–µ—Å , #–∏–Ω–≤–µ—Å—Ç–∏—Ü–∏–∏","–ß–µ–ª–æ–≤–µ–∫, –¥–µ—Ä–∂–∞—â–∏–π –±—É—Ç–µ—Ä–±—Ä–æ–¥ –≤ —Ä—É–∫–µ. –†—É–∫–∞, –¥–µ—Ä–∂–∞—â–∞—è —Ö–æ—Ç -–¥–æ–≥ —Å –º–∞—Ä–∏–Ω–æ–≤–∞–Ω–Ω—ã–º–∏. –ß–µ–ª–æ–≤–µ–∫, –¥–µ—Ä–∂–∞—â–∏–π —Ö–æ—Ç -–¥–æ–≥ —Å –º–∞—Ä–∏–Ω–æ–≤–∞–Ω–Ω—ã–º–∏. –¢–∞—Ä–µ–ª–∫–∞ —Å –∫—É—Å–æ—á–∫–æ–º —Ç–æ—Ä—Ç–∞ –Ω–∞ –Ω–µ–º. –ß–µ–ª–æ–≤–µ–∫ –¥–µ—Ä–∂–∏—Ç –ª–∏—Å—Ç –±—É–º–∞–≥–∏ —Å –∫—É—Å–æ—á–∫–æ–º –º—è—Å–∞ –≤ –Ω–µ–º. –ß–µ–ª–æ–≤–µ–∫, –¥–µ—Ä–∂–∞—â–∏–π –ø–æ–Ω—á–∏–∫ —Å –Ω–µ–±–æ–ª—å—à–∏–º –∫–æ–ª–∏—á–µ—Å—Ç–≤–æ–º —Å–∞—Ö–∞—Ä–∞.",–¢–∞—Ä–µ–ª–∫–∞ —Å –∫—É—Å–æ—á–∫–æ–º —Ç–æ—Ä—Ç–∞ –Ω–∞ –Ω–µ–º.,A person holding a sandwich in their hand. A hand holding a hot dog with a pickle on it. A person holding a hot dog with a pickle in it. A plate with a slice of cake on it. A person is holding a piece of paper with a piece of meat in it. A person holding a doughnut with a small amount of sugar in it.,A plate with a slice of cake on it.,
https://cdn-st.rutubelist.ru/media/fe/86/ab9d0a504c2a892c88dc02b79b56/fhd.mp4,#–ø—É—Ç–µ—à–µ—Å—Ç–≤–∏—è #journey #—Ç—É—Ä–∏–∑–º #–æ–±—É—á–µ–Ω–∏–µ–∑–∞–≥—Ä–∞–Ω–∏—Ü–µ–π #—è–∑—ã–∫–æ–≤–∞—è—à–∫–æ–ª–∞,"–§–æ—Ç–æ–≥—Ä–∞—Ñ–∏—è –≥–æ—Ä–æ–¥–∞ —Å –±–∞—à–Ω–µ–π —á–∞—Å–æ–≤. –§–æ—Ç–æ–≥—Ä–∞—Ñ–∏—è –≥–æ—Ä–æ–¥–∞ —Å –∑–Ω–∞–∫–æ–º –Ω–∞ –Ω–µ–º. –ó–Ω–∞–∫, –∫–æ—Ç–æ—Ä—ã–π –≥–ª–∞—Å–∏—Ç ¬´–æ—Ç–µ–ª—å –ë–∏–≥ –ë–µ–Ω¬ª –ø–µ—Ä–µ–¥ —Ä–µ–∫–æ–π. –ö–∞—Ä—Ç–∏–Ω–∞ –∑–¥–∞–Ω–∏—è —Å –∑–Ω–∞–∫–æ–º –Ω–∞ –Ω–µ–º. –§–æ—Ç–æ–≥—Ä–∞—Ñ–∏—è –≥–æ—Ä–æ–¥–∞ —Å –∑–Ω–∞–∫–æ–º —Å –Ω–∞–¥–ø–∏—Å—å—é ¬´–û—Ç–µ–ª—å Big Ben¬ª. –ó–Ω–∞–∫, –∫–æ—Ç–æ—Ä—ã–π –Ω–∞—Ö–æ–¥–∏—Ç—Å—è –Ω–∞ –∑–¥–∞–Ω–∏–∏ –≤ –≥–æ—Ä–æ–¥–µ. –ö–∞—Ä—Ç–∏–Ω–∞ —à–æ—Å—Å–µ —Å–æ –∑–Ω–∞–∫–æ–º, –Ω–∞ –∫–æ—Ç–æ—Ä–æ–π –Ω–∞–ø–∏—Å–∞–Ω–æ ¬´—Å–∞–º—ã–π –±–æ–ª—å—à–æ–π –≥–æ—Ä–æ–¥ –≤ –º–∏—Ä–µ¬ª.","–ó–Ω–∞–∫, –∫–æ—Ç–æ—Ä—ã–π –Ω–∞—Ö–æ–¥–∏—Ç—Å—è –Ω–∞ –∑–¥–∞–Ω–∏–∏ –≤ –≥–æ—Ä–æ–¥–µ.","A picture of a city with a clock tower. A picture of a city with a sign on it. A sign that reads ""The Big Ben Hotel"" in front of a river. A picture of a building with a sign on it. A picture of a city with a sign that says ""The Big Ben Hotel"". A sign that is on a building in the city. A picture of a highway with a sign that says ""The Biggest City in the World"".",A sign that is on a building in the city., –†–µ–¥–∞–∫—Ç–æ—Ä —Å—É–±—Ç–∏—Ç—Ä–æ–≤ –ê.–ó–∞—Ö–∞—Ä–æ–≤–∞ –ö–æ—Ä—Ä–µ–∫—Ç–æ—Ä –ê.–ï–≥–æ—Ä–æ–≤–∞
https://cdn-st.rutubelist.ru/media/86/0f/4a6b06514445bbe41cb62a5f279d/fhd.mp4,#—É—Ö–æ–¥–∑–∞–∫–æ–∂–µ–π #—É—Ö–æ–¥–∑–∞—Å–æ–±–æ–π #–±—å—é—Ç–∏—Ä—É—Ç–∏–Ω–∞ #–±—å—é—Ç–∏,"–ñ–µ–Ω—â–∏–Ω–∞, –¥–µ—Ä–∂–∞—â–∞—è –º–æ–±–∏–ª—å–Ω—ã–π —Ç–µ–ª–µ—Ñ–æ–Ω –≤ —Ä—É–∫–µ. –ñ–µ–Ω—â–∏–Ω–∞ –¥–µ—Ä–∂–∏—Ç —Å—Ç–∞–∫–∞–Ω –≤–æ–¥—ã. –ñ–µ–Ω—â–∏–Ω–∞ –≤ –±–µ–ª–æ–º –ø–ª–∞—Ç—å–µ –∏ –±–µ–ª–∞—è —Ä—É–±–∞—à–∫–∞. –ñ–µ–Ω—â–∏–Ω–∞ –≤ —á–µ—Ä–Ω–æ–º –ø–ª–∞—Ç—å–µ –ø–æ–∑–∏—Ä—É–µ—Ç –¥–ª—è –∫–∞—Ä—Ç–∏–Ω—ã. –ñ–µ–Ω—â–∏–Ω–∞ —á–∏—Å—Ç–∏—Ç –∑—É–±—ã –∑—É–±–Ω–æ–π —â–µ—Ç–∫–æ–π. –ñ–µ–Ω—â–∏–Ω–∞ –≤ –±–µ–ª–æ–º –ø–ª–∞—Ç—å–µ —Å –±–µ–ª—ã–º –ø—Ä–µ–¥–º–µ—Ç–æ–º. –ß–µ–ª–æ–≤–µ–∫, –¥–µ—Ä–∂–∞—â–∏–π –±—É—Ç—ã–ª–∫—É –≤–æ–¥—ã –∏ —Ä—É–∫–∞, –¥–µ—Ä–∂–∞—Å—å —Å –±—É—Ç—ã–ª–∫–æ–π. –ñ–µ–Ω—â–∏–Ω–∞ –≤ –±–µ–ª–æ–º –ø–ª–∞—Ç—å–µ –¥–µ—Ä–∂–∏—Ç –º–æ–±–∏–ª—å–Ω—ã–π —Ç–µ–ª–µ—Ñ–æ–Ω.",–ñ–µ–Ω—â–∏–Ω–∞ –≤ –±–µ–ª–æ–º –ø–ª–∞—Ç—å–µ –¥–µ—Ä–∂–∏—Ç –º–æ–±–∏–ª—å–Ω—ã–π —Ç–µ–ª–µ—Ñ–æ–Ω.,A woman holding a cell phone in her hand. A woman is holding a glass of water. A woman in a white dress and a white shirt. A woman in a black dress is posing for a picture. A woman brushing her teeth with a toothbrush. A woman in a white dress holding a white object. A person holding a bottle of water and a hand holding a bottle. A woman in a white dress is holding a cell phone.,A woman in a white dress is holding a cell phone.,
https://cdn-st.rutubelist.ru/media/1e/39/f6e45a2142b095d96b286744441a/fhd.mp4,–ì–¥–µ –ø–æ–µ—Å—Ç—å –Ω–∞—Å—Ç–æ—è—â–µ–π —Ç—É—Ä–µ—Ü–∫–æ–π –ø–∞—Ö–ª–∞–≤—ã –≤ üìç–ü–µ—Ç–µ—Ä–±—É—Ä–≥–µ?,"–®–µ–π–æ–Ω —Å —Ä–∞–∑–ª–∏—á–Ω—ã–º–∏ —Ç–∏–ø–∞–º–∏ –ø–∏—â–∏. –®–µ–π–æ–Ω –¥–∏—Å–ø–ª–µ—è —Å —Ä–∞–∑–ª–∏—á–Ω—ã–º–∏ —Ç–∏–ø–∞–º–∏ –ø–æ–Ω—á–∏–∫–æ–≤. –ñ–µ–Ω—â–∏–Ω–∞ —Ñ–æ—Ç–æ–≥—Ä–∞—Ñ–∏—Ä—É–µ—Ç —Å–µ–±—è –≤ –º–∞–≥–∞–∑–∏–Ω–µ. –ñ–µ–Ω—â–∏–Ω–∞, –µ–¥—é—â–∞—è –≤ —Ä–µ—Å—Ç–æ—Ä–∞–Ω–µ. –ó–Ω–∞–∫, –∫–æ—Ç–æ—Ä—ã–π –Ω–∞—Ö–æ–¥–∏—Ç—Å—è –Ω–∞ —Å—Ç–æ—Ä–æ–Ω–µ –∑–¥–∞–Ω–∏—è. –ñ–µ–Ω—â–∏–Ω–∞ —Å–∏–¥–∏—Ç –∑–∞ —Å—Ç–æ–ª–æ–º —Å –µ–¥–æ–π. –¢–∞—Ä–µ–ª–∫–∞ —Å –µ–¥–æ–π, –∫–æ—Ç–æ—Ä–∞—è –Ω–∞—Ö–æ–¥–∏—Ç—Å—è –Ω–∞ —Å—Ç–æ–ª–µ. –î–∏—Å–ø–ª–µ–π, –∑–∞–ø–æ–ª–Ω–µ–Ω–Ω—ã–π –º–Ω–æ–∂–µ—Å—Ç–≤–æ–º —Ä–∞–∑–ª–∏—á–Ω—ã—Ö —Ç–∏–ø–æ–≤ –ø–æ–Ω—á–∏–∫–æ–≤. –ß–µ–ª–æ–≤–µ–∫ –∏—Å–ø–æ–ª—å–∑—É–µ—Ç –ø—É–ª—å—Ç –¥–∏—Å—Ç–∞–Ω—Ü–∏–æ–Ω–Ω–æ–≥–æ —É–ø—Ä–∞–≤–ª–µ–Ω–∏—è –¥–ª—è –ø—Ä–∏–≥–æ—Ç–æ–≤–ª–µ–Ω–∏—è. –ß–µ–ª–æ–≤–µ–∫ –¥–µ—Ä–∂–∏—Ç —Ç–∞—Ä–µ–ª–∫—É —Å –Ω–æ–∂–æ–º. –î–∏—Å–ø–ª–µ–π, –∑–∞–ø–æ–ª–Ω–µ–Ω–Ω—ã–π –±–æ–ª—å—à–∏–º –∫–æ–ª–∏—á–µ—Å—Ç–≤–æ–º –ø–æ–Ω—á–∏–∫–æ–≤. –ñ–µ–Ω—â–∏–Ω–∞ —Å–∏–¥–∏—Ç –∑–∞ —Å—Ç–æ–ª–æ–º —Å –µ–¥–æ–π. –ñ–µ–Ω—â–∏–Ω–∞ –≥–æ—Ç–æ–≤–∏—Ç –ø–æ–Ω—á–∏–∫ –≤ –ø–µ–∫–∞—Ä–Ω–µ. –î–∏—Å–ø–ª–µ–π, –∑–∞–ø–æ–ª–Ω–µ–Ω–Ω—ã–π –º–Ω–æ–∂–µ—Å—Ç–≤–æ–º —Ä–∞–∑–ª–∏—á–Ω—ã—Ö –≤–∏–¥–æ–≤ –ø–∏—â–∏.","–¢–∞—Ä–µ–ª–∫–∞ —Å –µ–¥–æ–π, –∫–æ—Ç–æ—Ä–∞—è –Ω–∞—Ö–æ–¥–∏—Ç—Å—è –Ω–∞ —Å—Ç–æ–ª–µ.",A display case with different types of food. A display case with different types of doughnuts. A woman taking a picture of herself in a store. A woman eating a meal at a restaurant. A sign that is on the side of a building. A woman sitting at a table with food. A plate of food that is on a table. A display case filled with lots of different types of donuts. A person is using a remote control to cook. A person is holding a plate of food with a knife. A display case filled with lots of doughnuts. A woman is sitting at a table with food. A woman is preparing a doughnut in a bakery. A display case filled with lots of different types of food.,A plate of food that is on a table.," –ì–¥–µ –ø–æ–µ—Å—Ç—å –Ω–∞—Å—Ç–æ—è—â–∏–µ —Ç—É—Ä–µ—Ü–∫–∏–µ –ø–∞—Ö–ª–∞–≤—ã –≤ –ü–µ—Ç–µ—Ä–±—É—Ä–≥–µ? –í —ç—Ç–æ–º –∑–∞–≤–µ–¥–µ–Ω–∏–∏ 12 –≤–∏–¥–æ–≤ –ø–∞—Ö–ª–∞–≤—ã –∏–∑ —Ñ–∏—Å—Ç–∞—à–∫–∏, –º–∏–Ω–¥–∞–ª—è –∏ –≥—Ä–µ—Ü–∫–æ–≥–æ –æ—Ä–µ—Ö–∞. –í —Ç–æ–º —á–∏—Å–ª–µ –µ—Å—Ç—å –≥–æ—Ç–æ–≤—ã–µ –ø–æ–¥–∞—Ä–æ—á–Ω—ã–µ –Ω–∞–±–æ—Ä—ã. –ü–∞—Ö–ª–∞–≤–∞ –¥–µ–π—Å—Ç–≤–∏—Ç–µ–ª—å–Ω–æ –Ω–∞—Å—Ç–æ—è—â–∞—è, –≤–µ–¥—å –∑–¥–µ—Å—å –µ–µ –≥–æ—Ç–æ–≤–∏—Ç —à–µ—Ñ-–ø–æ–≤–∞—Ä –∏–∑ –¢—É—Ä—Ü–∏–∏. –ê –µ—Å–ª–∏ –∑–∞—Ö–æ–¥–∏—Ç–µ –õ—É–∫—É–º, —Ç–æ –∑–¥–µ—Å—å –æ–Ω —Ç–æ–∂–µ –µ—Å—Ç—å, –ø—Ä–∏—Ö–æ–¥–∏—Ç–µ. –ò –µ—â–µ –æ–¥–Ω–∞ –æ—Å–æ–±–µ–Ω–Ω–æ—Å—Ç—å, —ç—Ç–æ –∫–æ—Ñ–µ –ø–æ-–≤–æ—Å—Ç–æ—á–Ω–æ–º—É, –∫–æ—Ç–æ—Ä—ã–π –≥–æ—Ç–æ–≤—è—Ç –Ω–∞ –ø–µ—Å–∫–µ. –í –æ–±—â–µ–º, –æ—Ç –∑–∞–≤–µ–¥–µ–Ω–∏—è —è –æ—Å—Ç–∞–ª–∞—Å—å –≤ –ø–æ–ª–Ω–æ–º –≤–æ—Å—Ç–æ—Ä–≥–µ –∏ —Å–æ–≤–µ—Ç—É—é –≤–∞–º –µ–≥–æ –ø–æ—Å–µ—Ç–∏—Ç—å. –≠—Ç–æ –ø–∞—Ö–ª–∞–≤–∞–ª—å–Ω—è."
https://cdn-st.rutubelist.ru/media/0d/97/531d4356476a9deb64239aed758a/fhd.mp4,#–æ–±—Ä–∞–∑ #lookbook #–ø–æ–∫–∞–∑ #–Ω–µ–¥–µ–ª—è–º–æ–¥—ã #–∫–∞–ø—Å—É–ª–∞ #–æ—à–∏–±–∫–∏–≤—Å—Ç–∏–ª–µ #—Å–µ–ª–µ–±—Ä–∏—Ç–∏ #–∏–Ω—Ç–µ—Ä–≤—å—é #–ø–µ—Ä–µ–≤–æ–ø–ª–æ—â–µ–Ω–∏—è #–æ–±—É–≤—å #–∫—Ä–æ—Å—Å–æ–≤–∫–∏,"–ñ–µ–Ω—â–∏–Ω–∞, –∏–¥—É—â–∞—è –ø–æ —É–ª–∏—Ü–µ —Å —Å—É–º–∫–æ–π –±–∞–≥–∞–∂–∞. –ñ–µ–Ω—â–∏–Ω–∞ –≤ —á–µ—Ä–Ω–æ–º –ø–ª–∞—Ç—å–µ, –∏–¥—É—â–∞—è –ø–æ —É–ª–∏—Ü–µ. –ñ–µ–Ω—â–∏–Ω–∞, –∏–¥—É—â–∞—è –ø–æ —É–ª–∏—Ü–µ, —Ä–∞–∑–≥–æ–≤–∞—Ä–∏–≤–∞—è –ø–æ –º–æ–±–∏–ª—å–Ω–æ–º—É —Ç–µ–ª–µ—Ñ–æ–Ω—É.","–ñ–µ–Ω—â–∏–Ω–∞, –∏–¥—É—â–∞—è –ø–æ —É–ª–∏—Ü–µ, —Ä–∞–∑–≥–æ–≤–∞—Ä–∏–≤–∞—è –ø–æ –º–æ–±–∏–ª—å–Ω–æ–º—É —Ç–µ–ª–µ—Ñ–æ–Ω—É.",A woman walking down a street with a bag of luggage. A woman in a black dress walking down a street. A woman walking down a street talking on a cell phone.,A woman walking down a street talking on a cell phone., –ü—Ä–∏–≤–µ—Ç! –≠—Ç–æ –∫–æ–Ω–µ—Ü! –Ø —Å–∫–∞–∑–∞–ª–∞ —Å–≤–æ–µ–π –∂–µ–Ω–µ! –ö—Ç–æ —ç—Ç–æ?
https://cdn-st.rutubelist.ru/media/85/3c/4ade487d46cfb36205c43e4dca40/fhd.mp4,#—Å–ø–æ—Ä—Ç #–Ω–∞—Å–ø–æ—Ä—Ç–µ #—Ö–æ–∫–∫–µ–π,"–ß–µ–ª–æ–≤–µ–∫ –∏–≥—Ä–∞–µ—Ç –≤ –∏–≥—Ä—É –≤ —Ñ—É—Ç–±–æ–ª –Ω–∞ –ø–æ–ª–µ. –ì—Ä—É–ø–ø–∞ –ª—é–¥–µ–π, –¥–µ—Ä–∂–∞—â–∏—Ö –±–µ–π—Å–±–æ–ª—å–Ω—ã–µ –±–∏—Ç—ã –∏ –Ω–æ—Å—è—â–∏–µ –±–µ–π—Å–±–æ–ª—å–Ω—ã–µ —Å–Ω–∞—Ä—è–∂–µ–Ω–∏—è. –ß–µ–ª–æ–≤–µ–∫ –Ω–∞ —Å–Ω–æ—É–±–æ—Ä–¥–µ –Ω–∞ —Å—Ç–∞–¥–∏–æ–Ω–µ. –ß–µ–ª–æ–≤–µ–∫ –∫–∞—Ç–∞–µ—Ç—Å—è –Ω–∞ –ª—ã–∂–∞—Ö –≤–Ω–∏–∑ –ø–æ —Ö–æ–ª–º—É —Å —à–ª–µ–º–æ–º. –ì—Ä—É–ø–ø–∞ –ª—é–¥–µ–π –Ω–∞ –ª—ã–∂–∞—Ö –Ω–∞ —Å–Ω–µ–≥—É. –ß–µ–ª–æ–≤–µ–∫ –≤ —à–ª–µ–º–µ –∏ —à–ª–µ–º –∏ –¥–µ—Ä–∂–∏—Ç –±–µ–π—Å–±–æ–ª—å–Ω—É—é –±–∏—Ç—É. –ß–µ–ª–æ–≤–µ–∫ –≤ –±–µ–π—Å–±–æ–ª—å–Ω–æ–π —Ñ–æ—Ä–º–µ, –¥–µ—Ä–∂–∞—â–∏–π –±–µ–π—Å–±–æ–ª—å–Ω—É—é –±–∏—Ç—É. –ì—Ä—É–ø–ø–∞ –ª—é–¥–µ–π, –∏–≥—Ä–∞—é—â–∏—Ö –≤ –∏–≥—Ä—É –≤ —Ç–µ–Ω–Ω–∏—Å. –ß–µ–ª–æ–≤–µ–∫ –ª–µ–∂–∏—Ç –Ω–∞ —Å–Ω–µ–≥—É —Å–æ —Å–Ω–æ—É–±–æ—Ä–¥–æ–º. –ß–µ–ª–æ–≤–µ–∫ –≤ —à–ª–µ–º–µ –∏ —à–ª–µ–º, –∞ —Ç–∞–∫–∂–µ —à–ª–µ–º, —à–ª–µ–º, —à–ª–µ–º –∏ –ú—É–∂—á–∏–Ω–∞ –≤ —à–ª–µ–º–µ –∏ –±–µ–π—Å–±–æ–ª—å–Ω–æ–º —à–ª–µ–º–µ –Ω–∞ –ø–æ–ª–µ.",–ß–µ–ª–æ–≤–µ–∫ –Ω–∞ —Å–Ω–æ—É–±–æ—Ä–¥–µ –Ω–∞ —Å—Ç–∞–¥–∏–æ–Ω–µ.,A man is playing a game of soccer on a field. A group of people holding baseball bats and wearing baseball gear. A man is on a snowboard in a stadium. A man is skiing down a hill with a helmet on. A group of people on skis in the snow. A man wearing a helmet and a helmet and holding a baseball bat. A man in a baseball uniform holding a baseball bat. A group of people playing a game of tennis. A man is laying in the snow with a snowboard. A man in a helmet and a helmet and a helmet and a helmet and a helmet and a A man wearing a helmet and a baseball helmet on a field.,A man is on a snowboard in a stadium., –Ω–µ —Å—É–º–µ–ª –∑–∞–±–∏—Ç—å –Ω–∏—á–µ–≥–æ –Ω–æ –≤–æ—Ç —Å–µ–≥–æ–¥–Ω—è —Å–µ–≥–æ–¥–Ω—è –ø—Ä–∏—á–µ–º —Å–µ–π—á–∞—Å –±–æ–ª—å—à–∏–Ω—Å—Ç–≤–æ —Å—Ä–∞–∑—É 4 –Ω–∞ 3 –ø—Ä–æ—Å—Ç–æ –ø–æ—Ä—Ç–æ–º –≤–æ—Ç –∏ –≥–æ–ª –∏ –≤–æ—Ç –∏ –≥–æ–ª –∏ –∞–∫–±–∞—Ä —Å –≤–æ—Ç —Å–µ–≥–æ–¥–Ω—è –±–æ–ª—å—à–∏–Ω—Å—Ç–≤–æ —Ä–µ–∞–ª–∏–∑—É–µ—Ç 4 –Ω–∞ 3 —Å—Ç–∞–Ω–∏—Å–ª–∞–≤ –≥–∞–ª–∏–µ–≤ –∞–∫–±–∞—Ä —Å –≤—ã—Ö–æ–¥–∏—Ç –≤–ø–µ—Ä–µ–¥ –∞–Ω—Å–µ–ª—å –≥–∞–ª–∏–º–æ–≤ –≤–æ–∑–≤—Ä–∞—â–∞–µ—Ç—Å—è –Ω—É —Å–æ–æ—Ç–≤–µ—Ç—Å—Ç–≤–µ–Ω–Ω–æ —Ä–∞–¥—É–ª–æ–≤ —Å –ø–æ—Ä—è–¥–∫–æ–º –ø—Ä–æ–¥–æ–ª–∂–∞—é—Ç
https://cdn-st.rutubelist.ru/media/50/0a/a56eb2824b93a57c3f4ad7e02ddd/fhd.mp4,"#—É—Ö–æ–¥–∑–∞–∫–æ–∂–µ–π #—É—Ö–æ–¥–∑–∞—Å–æ–±–æ–π #–±—å—é—Ç–∏—Ä—É—Ç–∏–Ω–∞ #–±—å—é—Ç–∏
#–±—å—é—Ç–∏ #–Ω–æ–≥–æ—Ç–æ—á–∫–∏ #–º–∞–Ω–∏–∫—é—Ä #–ø—Ä–∏—á–µ—Å–∫–∞ #—É–∫–ª–∞–¥–∫–∞ #—É—Ö–æ–¥ #–±—å—é—Ç–∏—Ä—É—Ç–∏–Ω–∞","–ñ–µ–Ω—â–∏–Ω–∞ –≤ –±–µ–ª–æ–º –ø–ª–∞—Ç—å–µ, —Å—Ç–æ—è—â–∞—è –ø–µ—Ä–µ–¥ –æ–∫–Ω–æ–º. –ë–µ–ª–∞—è –≤–∞–∑–∞ —Å —Ü–≤–µ—Ç–æ–º –≤ –Ω–µ–º. –ë–µ–ª–∞—è –≤–∞–∑–∞ —Å –±–µ–ª—ã–º —Ü–≤–µ—Ç–æ–º. –ß–µ–ª–æ–≤–µ–∫, –¥–µ—Ä–∂–∞—â–∏–π –±—É–∫–µ—Ç —Ü–≤–µ—Ç–æ–≤ –≤ —Ä—É–∫–µ. –ö–∞—Ä—Ç–∏–Ω–∞ –¥–µ—Ä–µ–≤–∞ —Å –∫—É—á–µ–π —Ü–≤–µ—Ç–æ–≤. –ñ–µ–Ω—â–∏–Ω–∞ —Ñ–æ—Ç–æ–≥—Ä–∞—Ñ–∏—Ä—É–µ—Ç —Ü–≤–µ—Ç—ã –≤ –∑–µ—Ä–∫–∞–ª–µ. –ñ–µ–Ω—â–∏–Ω–∞ –≤ –ø–ª–∞—Ç—å–µ, —Å—Ç–æ—è—â–∞—è –ø–µ—Ä–µ–¥ –æ–∫–Ω–æ–º. –ü—Ç–∏—Ü–∞ —Å–º–æ—Ç—Ä–∏—Ç –Ω–∞ –Ω–µ–±–æ. –ö–∞—Ä—Ç–∏–Ω–∞ —Ü–≤–µ—Ç–æ—á–Ω–æ–π –∫–æ–º–ø–æ–∑–∏—Ü–∏–∏ –≤ –∫–Ω–∏–≥–µ. –ö–∞—Ä—Ç–∏–Ω–∞ –Ω–æ–≥ –º—É–∂—á–∏–Ω –Ω–∞ –ª–µ—Å—Ç–Ω–∏—Ü–µ. –ö–∞—Ä—Ç–∏–Ω–∞ —á–µ–ª–æ–≤–µ–∫–∞, –¥–µ—Ä–∂–∞—â–µ–≥–æ —Ü–≤–µ—Ç–æ–∫ –≤ —Ä—É–∫–µ. –î–µ—Ä–µ–≤–æ, –Ω–∞–ø–æ–ª–Ω–µ–Ω–Ω–æ–µ –º–Ω–æ–∂–µ—Å—Ç–≤–æ–º —Ä–æ–∑–æ–≤—ã—Ö —Ü–≤–µ—Ç–æ–≤.","–î–µ—Ä–µ–≤–æ, –Ω–∞–ø–æ–ª–Ω–µ–Ω–Ω–æ–µ –º–Ω–æ–∂–µ—Å—Ç–≤–æ–º —Ä–æ–∑–æ–≤—ã—Ö —Ü–≤–µ—Ç–æ–≤.",A woman in a white dress standing in front of a window. A white vase with a flower in it. A white vase with a white flower in it. A person holding a bouquet of flowers in their hand. A picture of a tree with a bunch of flowers. A woman taking a picture of flowers in a mirror. A woman in a dress standing in front of a window. A bird is looking up at the sky. A picture of a flower arrangement in a book. A picture of a man's feet on a ladder. A picture of a person holding a flower in their hand. A tree filled with lots of pink flowers.,A tree filled with lots of pink flowers., –ú—É–∑—ã–∫–∞
https://cdn-st.rutubelist.ru/media/a7/ff/3d901b774fc8b5728833abe9485d/fhd.mp4,"#boobs , #–∫—Ä–∞—Å–∏–≤—ã–µ–¥–µ–≤—É—à–∫–∏ , #ass","–ì—Ä—É–ø–ø–∞ –ª—é–¥–µ–π, —Å—Ç–æ—è—â–∏—Ö —Ä—è–¥–æ–º –¥—Ä—É–≥ —Å –¥—Ä—É–≥–æ–º. –ñ–µ–Ω—â–∏–Ω–∞ –∏ –º—É–∂—á–∏–Ω–∞, —Å—Ç–æ—è—â–∏–π —Ä—è–¥–æ–º –¥—Ä—É–≥ —Å –¥—Ä—É–≥–æ–º. –ñ–µ–Ω—â–∏–Ω–∞ –≤ –ø–ª–∞—Ç—å–µ, —Å—Ç–æ—è—â–∞—è –≤ —Ç–æ—Ä–≥–æ–≤–æ–º —Ü–µ–Ω—Ç—Ä–µ. –ì—Ä—É–ø–ø–∞ –ª—é–¥–µ–π, –∏–¥—É—â–∏—Ö –ø–æ –∫–æ—Ä–∏–¥–æ—Ä—É. –ñ–µ–Ω—â–∏–Ω–∞ –∏ –º—É–∂—á–∏–Ω–∞ —Å—Ç–æ—è—Ç –ø–µ—Ä–µ–¥ –∫–∏—Ä–ø–∏—á–Ω–æ–π —Å—Ç–µ–Ω–æ–π. –ß–µ–ª–æ–≤–µ–∫, –¥–µ—Ä–∂–∞—â–∏–π —Å–∫–µ–π—Ç–±–æ—Ä–¥ –≤ —Ä—É–∫–µ. –ü–∞—Ä–∞ –∂–µ–Ω—â–∏–Ω, —Å—Ç–æ—è—â–∏—Ö —Ä—è–¥–æ–º –¥—Ä—É–≥ —Å –¥—Ä—É–≥–æ–º.","–ß–µ–ª–æ–≤–µ–∫, –¥–µ—Ä–∂–∞—â–∏–π —Å–∫–µ–π—Ç–±–æ—Ä–¥ –≤ —Ä—É–∫–µ.",A group of people standing next to each other. A woman and a man standing next to each other. A woman in a dress standing in a mall. A group of people walking down a hallway. A woman and a man are standing in front of a brick wall. A man holding a skateboard in his hand. A couple of women standing next to each other.,A man holding a skateboard in his hand.," –¢–∞–∫ –∂–∞—Ä–∫–æ –∑–¥–µ—Å—å, —è —É–º—Ä—É –æ—Ç –∂–∞—Ä–∫–∏! –®–∞—Ç–∞—Ç–∞ –Ω–∞ –æ–≥–Ω–µ!"
https://cdn-st.rutubelist.ru/media/b3/e2/07e47c1e4af8a1ea0a932b5cdae3/fhd.mp4,,"–ß–µ–ª–æ–≤–µ–∫ –∏–¥–µ—Ç –ø–æ —É–∑–∫–æ–º—É –∫–æ—Ä–∏–¥–æ—Ä—É. –ß–µ–ª–æ–≤–µ–∫ –Ω–∞—Ö–æ–¥–∏—Ç—Å—è –≤ –≤–æ–¥–µ –≤–æ–∑–ª–µ –≤–æ–¥–æ–ø–∞–¥–∞. –ß–µ–ª–æ–≤–µ–∫ –∫–∞—Ç–∞–µ—Ç—Å—è –Ω–∞ –≤–æ–¥–Ω—ã—Ö –ª—ã–∂–∞—Ö –Ω–∞ —Ä–µ–∫–µ. –ß–µ–ª–æ–≤–µ–∫ –±–µ–∂–∏—Ç –ø–æ –ø–æ–ª—é —Å —Å–æ–±–∞–∫–æ–π. –°–∫–µ–π—Ç–±–æ—Ä–¥–∏—Å—Ç –¥–µ–ª–∞–µ—Ç —Ç—Ä—é–∫ –Ω–∞ —É–ª–∏—Ü–µ. –ñ–µ–Ω—â–∏–Ω–∞, –∏–¥—É—â–∞—è –ø–æ —É–ª–∏—Ü–µ —Å –∫—É—á–µ–π –æ–¥–µ–∂–¥—ã. –ß–µ–ª–æ–≤–µ–∫ –Ω–∞ —Å–∫–µ–π—Ç–±–æ—Ä–¥–µ –Ω–∞ —É–ª–∏—Ü–µ. –ß–µ–ª–æ–≤–µ–∫ –∏–¥–µ—Ç –ø–æ —É–ª–∏—Ü–µ —Å –≤–µ–ª–æ—Å–∏–ø–µ–¥–æ–º. –ß–µ–ª–æ–≤–µ–∫, –∏–¥—É—â–∏–π –ø–æ —É–ª–∏—Ü–µ —Å–æ —Å–∫–µ–π—Ç–±–æ—Ä–¥–æ–º.",–ß–µ–ª–æ–≤–µ–∫ –∫–∞—Ç–∞–µ—Ç—Å—è –Ω–∞ –≤–æ–¥–Ω—ã—Ö –ª—ã–∂–∞—Ö –Ω–∞ —Ä–µ–∫–µ.,A person is walking down a narrow hallway. A person is in the water near a waterfall. A person is riding a water skis on a river. A man is running across a field with a dog. A skateboarder is doing a trick on a street. A woman walking down a street with a bunch of clothes on. A person on a skateboard on a street. A person is walking down a street with a bike. A person walking down a street with a skateboard.,A person is riding a water skis on a river., –°—É–±—Ç–∏—Ç—Ä—ã –ø–æ–¥–≥–æ—Ç–æ–≤–∏–ª DimaTorzok
https://cdn-st.rutubelist.ru/media/39/8a/ce3d8db142e38d99c708f406cca0/fhd.mp4,"#boobs , #–∫—Ä–∞—Å–∏–≤—ã–µ–¥–µ–≤—É—à–∫–∏ , #ass","–ñ–µ–Ω—â–∏–Ω–∞ –ª–µ–∂–∞–ª–∞ –Ω–∞ –∫—Ä–æ–≤–∞—Ç–∏ —Å –º–∞–ª–µ–Ω—å–∫–æ–π –¥–µ–≤–æ—á–∫–æ–π. –ñ–µ–Ω—â–∏–Ω–∞ –ª–µ–∂–∞–ª–∞ –Ω–∞ –∫—Ä–æ–≤–∞—Ç–∏ —Å —Ç–µ–ª–µ—Ñ–æ–Ω–æ–º. –ñ–µ–Ω—â–∏–Ω–∞, —Å–∏–¥—è—â–∞—è –Ω–∞ –∫—Ä–æ–≤–∞—Ç–∏ —Å –∫–Ω–∏–≥–æ–π. –ñ–µ–Ω—â–∏–Ω–∞, –ª–µ–∂–∞—â–∞—è –Ω–∞ –∫—Ä–æ–≤–∞—Ç–∏ —Å –º–æ–±–∏–ª—å–Ω—ã–º —Ç–µ–ª–µ—Ñ–æ–Ω–æ–º. –ñ–µ–Ω—â–∏–Ω–∞, –ª–µ–∂–∞—â–∞—è –Ω–∞ –∫—Ä–æ–≤–∞—Ç–∏ —Å —Ä–æ–∑–æ–≤—ã–º –æ–¥–µ—è–ª–æ–º.",–ñ–µ–Ω—â–∏–Ω–∞ –ª–µ–∂–∞–ª–∞ –Ω–∞ –∫—Ä–æ–≤–∞—Ç–∏ —Å –º–∞–ª–µ–Ω—å–∫–æ–π –¥–µ–≤–æ—á–∫–æ–π.,A woman laying on a bed with a little girl. A woman laying on a bed with a phone. A woman sitting on a bed with a book. A woman laying on a bed with a cell phone. A woman laying on a bed with a pink blanket.,A woman laying on a bed with a little girl.,
https://cdn-st.rutubelist.ru/media/c5/74/92d9fe2a4fd99509c72ebf46e7d7/fhd.mp4,"#–µ–≥—ç2023 , #–æ–≥—ç2023 , #–Ω–∞—É–∫–∞ , #–µ–≥—ç , #–æ–≥—ç , #–Ω–∞—É—á–ø–æ–ø","–§–æ—Ç–æ–≥—Ä–∞—Ñ–∏—è –≥–æ—Ä–æ–¥–∞ —Å –∫—Ä–∞—Å–Ω—ã–º –¥–æ–º–æ–º –∏ –∫—Ä–∞—Å–Ω—ã–º –ø–æ–∂–∞—Ä–Ω—ã–º –≥–∏–¥—Ä–∞–Ω—Ç–æ–º. –ö–∞—Ä—Ç–∏–Ω–∞ –≥–æ—Ä–æ–¥–∞ —Å–æ –∑–¥–∞–Ω–∏–µ–º –Ω–∞ –∑–∞–¥–Ω–µ–º –ø–ª–∞–Ω–µ. –ö–∞—Ä—Ç–∏–Ω–∞ –≥—Ä—É–∑–æ–≤–∏–∫–∞ —Å —á–µ–ª–æ–≤–µ–∫–æ–º –Ω–∞ –∑–∞–¥–Ω–µ–º –ø–ª–∞–Ω–µ. –°–Ω–æ—É–±–æ—Ä–¥–∏—Å—Ç –ø—Ä–æ—Ö–æ–¥–∏—Ç —á–µ—Ä–µ–∑ —Å–Ω–µ–∂–Ω—ã–π —Ç—É–Ω–Ω–µ–ª—å. –ß–µ–ª–æ–≤–µ–∫ —Ä–∞–±–æ—Ç–∞–µ—Ç –Ω–∞–¥ –∫—É—á–µ–π –∫–æ—Ä–æ–±–æ–∫. –ß–µ–ª–æ–≤–µ–∫ –≤ –∫–æ—Å—Ç—é–º–µ —Å –º–æ–±–∏–ª—å–Ω—ã–º —Ç–µ–ª–µ—Ñ–æ–Ω–æ–º. –ú—É–∂—á–∏–Ω–∞ –≤ —á–µ—Ä–Ω–æ–π —Ä—É–±–∞—à–∫–µ —Å –±–µ–ª–æ–π –∫–∞—Ä—Ç–æ—á–∫–æ–π. –ó–¥–∞–Ω–∏–µ —Å –±–æ–ª—å—à–∏–º –±–µ–ª—ã–º –∑–¥–∞–Ω–∏–µ–º –Ω–∞ –∑–∞–¥–Ω–µ–º –ø–ª–∞–Ω–µ. –§–æ—Ç–æ–≥—Ä–∞—Ñ–∏—è –≥–æ—Ä–æ–¥–∞ —Å –ø–æ–∂–∞—Ä–Ω—ã–º –≥–∏–¥—Ä–∞–Ω—Ç–æ–º –∏ –∑–¥–∞–Ω–∏–µ–º. –ß–µ–ª–æ–≤–µ–∫ –≤ —á–µ—Ä–Ω–æ–π —Ä—É–±–∞—à–∫–µ, –¥–µ—Ä–∂–∞—â–∏–π –∑–Ω–∞–∫. –ß–µ–ª–æ–≤–µ–∫ –≤ —á–µ—Ä–Ω–æ–º –∫–æ—Å—Ç—é–º–µ —Å –º–æ–±–∏–ª—å–Ω—ã–º —Ç–µ–ª–µ—Ñ–æ–Ω–æ–º. –ß–µ–ª–æ–≤–µ–∫ –≤ –∫–æ—Å—Ç—é–º–µ, –¥–µ—Ä–∂–∞—â–∏–π –∫–Ω–∏–≥—É. –ß–µ–ª–æ–≤–µ–∫, –¥–µ—Ä–∂–∞—â–∏–π –∑–Ω–∞–∫ –ø–µ—Ä–µ–¥ –≥–æ—Ä–æ–¥–æ–º.",–ß–µ–ª–æ–≤–µ–∫ –≤ –∫–æ—Å—Ç—é–º–µ —Å –º–æ–±–∏–ª—å–Ω—ã–º —Ç–µ–ª–µ—Ñ–æ–Ω–æ–º.,A picture of a city with a red house and a red fire hydrant. A picture of a city with a building in the background. A picture of a truck with a man in the background. A snowboarder is riding through a snowy tunnel. A man is working on a pile of boxes. A man in a suit holding a cell phone. A man in a black shirt holding a white card. A building with a large white building in the background. A picture of a city with a fire hydrant and a building. A man in a black shirt holding a sign. A man in a black suit holding a cell phone. A man in a suit holding a book. A man holding a sign in front of a city.,A man in a suit holding a cell phone.," –ß–µ–º –æ—Ç–ª–∏—á–∞–µ—Ç—Å—è –ø—Ä–∞–≤–∏—Ç–µ–ª—å—Å—Ç–≤–æ –Ø–ø–æ–Ω–∏–∏ –æ—Ç –ø—Ä–∞–≤–∏—Ç–µ–ª—å—Å—Ç–≤ –¥—Ä—É–≥–∏—Ö —Å—Ç—Ä–∞–Ω? –ö–æ–≥–¥–∞ –≤ –Ø–ø–æ–Ω–∏–∏ –ø—Ä–æ–∏—Å—Ö–æ–¥—è—Ç –∫–∞–∫–∏–µ-–ª–∏–±–æ –∫–∞—Ç–∞–∫–ª–∏–∑–º—ã, –Ω–∞–ø—Ä–∏–º–µ—Ä, –Ω—É, –∫–∞–∫ –ø—Ä–∞–≤–∏–ª–æ, –ø—Ä–∏—Ä–æ–¥–Ω—ã–µ, —Ç–æ –≥–ª–∞–≤–∞ –¥–∞–Ω–Ω–æ–π –ø—Ä–µ—Ñ–µ–∫—Ç—É—Ä—ã –≤–º–µ—Å—Ç–µ —Å–æ —Å–≤–æ–µ–π —Å–µ–º—å–µ–π, –≤–º–µ—Å—Ç–µ —Å –∂–µ–Ω–æ–π –≤—ã–µ–∑–∂–∞–µ—Ç –≤ –¥–∞–Ω–Ω—ã–π —Ä–µ–≥–∏–æ–Ω –∏ –ø–æ—Å–µ–ª—è–µ—Ç—Å—è –Ω–∞—Ä—è–¥—É —Å–æ –≤—Å–µ–º–∏ –ø–æ—Å—Ç—Ä–∞–¥–∞–≤—à–∏–º–∏, –ø—Ä–∏ —ç—Ç–æ–º –≤—ã–±–∏—Ä–∞—è —Å–∞–º—ã–µ —Ö—É–¥—à–∏–µ —É—Å–ª–æ–≤–∏—è. –ò –∂–∏–≤—É—Ç –æ–Ω–∏ —Ç–∞–∫ –¥–æ —Ç–µ—Ö –ø–æ—Ä, –ø–æ–∫–∞ –Ω–µ —Ä–∞–∑—Ä—É–ª—è—Ç –≤—Å—é —Å–ª–æ–∂–∏–≤—à—É—é—Å—è —Å–∏—Ç—É–∞—Ü–∏—é. –ê –≤–æ—Ç —Ç–µ–ø–µ—Ä—å –≤—Å–ø–æ–º–Ω–∏ –≥–ª–∞–≤—É —Å–≤–æ–µ–≥–æ —Ä–µ–≥–∏–æ–Ω–∞."
https://cdn-st.rutubelist.ru/media/95/65/d45056f64cd48e919324c2ade667/fhd.mp4,#–±—å—é—Ç–∏ #beauty #–±—å—é—Ç–∏—Ä—É—Ç–∏–Ω–∞ #—É—Ö–æ–¥–∑–∞—Å–æ–±–æ–π #–º–∞–∫–∏—è–∂ #makeup #–º—ç–π–∫–∞–ø #–ø—Ä–µ–æ–±—Ä–∞–∂–µ–Ω–∏–µ #–ø—Ä–∏—á—ë—Å–∫–∞,–ñ–µ–Ω—â–∏–Ω–∞ —Å –±–æ–ª—å—à–æ–π —Ç–∞—Ç—É–∏—Ä–æ–≤–∫–æ–π –Ω–∞ –≥–æ–ª–æ–≤–µ. –ñ–µ–Ω—â–∏–Ω–∞ —Å –∫–æ—Ä–æ–Ω–æ–π –∏ —à–ª—è–ø–æ–π. –ñ–µ–Ω—â–∏–Ω–∞ —Å –¥–ª–∏–Ω–Ω—ã–º –ø–∞—Ä–∏–∫–æ–º –≤–æ–ª–æ—Å –∏ –±–µ–ª—ã–º –ø–ª–∞—Ç–∫–æ–º. –ñ–µ–Ω—â–∏–Ω–∞ —Å –º–∞—Å–∫–æ–π –∏ —à–ª—è–ø–æ–π. –ñ–µ–Ω—â–∏–Ω–∞ —Å –º–∞—Å–∫–æ–π –∏ —Ü–≤–µ—Ç–æ–º –Ω–∞ –≥–æ–ª–æ–≤–µ. –ñ–µ–Ω—â–∏–Ω–∞ —Å –∫–æ—Ä–æ–Ω–æ–π –∏ —Ü–≤–µ—Ç–æ–º –Ω–∞ –≥–æ–ª–æ–≤–µ. –ñ–µ–Ω—â–∏–Ω–∞ —Å –∫–æ—Ä–æ–Ω–æ–π –∏ –æ–∂–µ—Ä–µ–ª—å–µ. –ñ–µ–Ω—â–∏–Ω–∞ —Å –¥–ª–∏–Ω–Ω—ã–º–∏ –≤–æ–ª–æ—Å–∞–º–∏ –∏ —á–µ—Ä–Ω–æ–π —Ä—É–±–∞—à–∫–æ–π.,–ñ–µ–Ω—â–∏–Ω–∞ —Å –∫–æ—Ä–æ–Ω–æ–π –∏ —à–ª—è–ø–æ–π.,A woman with a large tattoo on her head. A woman with a crown and a hat on. A woman with a long hair wig and a white headscarf. A woman with a mask and a hat on. A woman with a mask and a flower on her head. A woman with a crown and a flower on her head. A woman with a crown and a necklace on. A woman with long hair and a black shirt.,A woman with a crown and a hat on.," –ß—Ç–æ –∑–Ω–∞—á–∏—Ç, —á—Ç–æ —Ç—ã –º–∏–ª—ã–π, –º–∏–ª—ã–π, –º–∏–ª—ã–π, –º–∏–ª—ã–π, –º–∏–ª—ã–π, –º–∏–ª—ã–π, –º–∏–ª—ã–π, –º–∏–ª—ã–π, –º–∏–ª—ã–π, –º–∏–ª—ã–π, –º–∏–ª—ã–π,"
https://cdn-st.rutubelist.ru/media/19/b5/aa6a2f7b46ad81e3c78e947d472f/fhd.mp4,#–∫—Ä–∞—Å–∏–≤—ã–µ–¥–µ–≤—É—à–∫–∏ #–≥—Ä—É–¥—å #boobs #–ø–æ–ø–∞ #ass #–∫—É–ø–∞–ª—å–Ω–∏–∫ #–±–∏–∫–∏–Ω–∏,"–ñ–µ–Ω—â–∏–Ω–∞ –≤ –±–∏–∫–∏–Ω–∏ –¥–µ—Ä–∂–∏—Ç –∫–æ–Ω—Ç—Ä–æ–ª–ª–µ—Ä Nintendo Wii. –ñ–µ–Ω—â–∏–Ω–∞ –≤ –±–∏–∫–∏–Ω–∏, —Å–∏–¥—è—â–∞—è –Ω–∞ —Ç—É–∞–ª–µ—Ç–µ. –ñ–µ–Ω—â–∏–Ω–∞ –≤ –±–∏–∫–∏–Ω–∏, –¥–µ—Ä–∂–∞—â–∞—è –∏–≥—Ä–æ–≤—É—é –∏–≥—Ä—É Nintendo Wii. –ñ–µ–Ω—â–∏–Ω–∞ –≤ –±–∏–∫–∏–Ω–∏ —Å—Ç–æ–∏—Ç –ø–µ—Ä–µ–¥ –±–∞—Å—Å–µ–π–Ω–æ–º. –ñ–µ–Ω—â–∏–Ω–∞ –≤ –±–∏–∫–∏–Ω–∏, —Å—Ç–æ—è—â–∞—è –ø–µ—Ä–µ–¥ –±–∞—Å—Å–µ–π–Ω–æ–º. –ñ–µ–Ω—â–∏–Ω–∞ –≤ –±–∏–∫–∏–Ω–∏, –¥–µ—Ä–∂–∞—â–∞—è –º–æ–±–∏–ª—å–Ω—ã–π —Ç–µ–ª–µ—Ñ–æ–Ω. –ñ–µ–Ω—â–∏–Ω–∞ –≤ –±–∏–∫–∏–Ω–∏ —Å–∏–¥–∏—Ç –Ω–∞ –ø–ª—è–∂–µ. –ñ–µ–Ω—â–∏–Ω–∞ –≤ –±–∏–∫–∏–Ω–∏ –∏–≥—Ä–∞–µ—Ç –≤ –∏–≥—Ä—É –Ω–∞ Nintendo Wii.",–ñ–µ–Ω—â–∏–Ω–∞ –≤ –±–∏–∫–∏–Ω–∏ –¥–µ—Ä–∂–∏—Ç –∫–æ–Ω—Ç—Ä–æ–ª–ª–µ—Ä Nintendo Wii.,A woman in a bikini is holding a Nintendo Wii controller. A woman in a bikini sitting on a toilet. A woman in a bikini holding a Nintendo Wii game controller. A woman in a bikini is standing in front of a pool. A woman in a bikini standing in front of a pool. A woman in a bikini holding a cell phone. A woman in a bikini is sitting on a beach. A woman in a bikini is playing a game on the Nintendo Wii.,A woman in a bikini is holding a Nintendo Wii controller., –ü–æ–∫–∞!
https://cdn-st.rutubelist.ru/media/03/b6/7aab45314f66a2147fd821906612/fhd.mp4,,"–ö–∞—Ä—Ç–∏–Ω–∞ —á–µ–ª–æ–≤–µ–∫–∞ —Å –±–æ–ª—å—à–∏–º –≥–ª–∞–∑–Ω—ã–º —è–±–ª–æ–∫–æ–º. –ö–∞—Ä—Ç–∏–Ω–∞ –º—É–ª—å—Ç–∏–ø–ª–∏–∫–∞—Ü–∏–æ–Ω–Ω–æ–≥–æ –ø–µ—Ä—Å–æ–Ω–∞–∂–∞ —Å –∫–æ—à–∫–æ–π –Ω–∞ –Ω–µ–º. –ß–µ–ª–æ–≤–µ–∫, –æ–¥–µ—Ç—ã–π –≤ –∫–æ—Å—Ç—é–º, –¥–µ—Ä–∂–∞—â–∏–π –ª–µ—Ç—É—á—É—é –º—ã—à—å. –ö–∞—Ä—Ç–∏–Ω–∞ –∂–µ–Ω—â–∏–Ω—ã, –¥–µ—Ä–∂–∞—â–µ–π –ø—Ç–∏—Ü—É –≤ —Ä—É–∫–µ. –ö–∞—Ä—Ç–∏–Ω–∞ –∫–æ—à–∫–∏ —Å –º—É–ª—å—Ç–∏–ø–ª–∏–∫–∞—Ü–∏–æ–Ω–Ω—ã–º –ø–µ—Ä—Å–æ–Ω–∞–∂–µ–º –Ω–∞ –Ω–µ–º. –ñ–µ–Ω—â–∏–Ω–∞ —Å –º–∞—Å–∫–æ–π –∏ –∫–æ—à–∫–æ–π –Ω–∞ –≥–æ–ª–æ–≤–µ. –ö–∞—Ä—Ç–∏–Ω–∞ –∫–æ—à–∫–∏ —Å –º—É–ª—å—Ç–∏–ø–ª–∏–∫–∞—Ü–∏–æ–Ω–Ω—ã–º –ª–∏—Ü–æ–º. –ñ–µ–Ω—â–∏–Ω–∞ —Å –º–∞—Å–∫–æ–π –∏ —à–ª—è–ø–æ–π. –§–æ—Ç–æ–≥—Ä–∞—Ñ–∏—è —á–µ–ª–æ–≤–µ–∫–∞ —Å –∫–æ—à–∫–æ–π –Ω–∞ –≥–æ–ª–æ–≤–µ. –ö–∞—Ä—Ç–∏–Ω–∞ —á–µ–ª–æ–≤–µ–∫–∞ —Å –∫–æ—à–∫–æ–π –ª–∏—Ü–æ–º. –ö–∞—Ä—Ç–∏–Ω–∞ —á–µ–ª–æ–≤–µ–∫–∞ —Å –ª–∏—Ü–æ–º, –Ω–∞—Ä–∏—Å–æ–≤–∞–Ω–Ω–æ–π –Ω–∞ –ª–∏—Ü–µ. –°—Ç–∞—Ç—É—è —á–µ–ª–æ–≤–µ–∫–∞, –¥–µ—Ä–∂–∞—â–µ–≥–æ –ª–µ—Ç—É—á—É—é –º—ã—à—å. –ö–∞—Ä—Ç–∏–Ω–∞ —á–µ–ª–æ–≤–µ–∫–∞ —Å —Å–∫–µ–π—Ç–±–æ—Ä–¥–æ–º. –ñ–µ–Ω—â–∏–Ω–∞ —Å –º–∞—Å–∫–æ–π, –¥–µ—Ä–∂–∞—â–µ–π —Å–∫–µ–π—Ç–±–æ—Ä–¥. –ö–∞—Ä—Ç–∏–Ω–∞ –∂–µ–Ω—â–∏–Ω—ã —Å –∫–æ—à–∫–æ–π –Ω–∞ –≥–æ–ª–æ–≤–µ.",–ö–∞—Ä—Ç–∏–Ω–∞ –º—É–ª—å—Ç–∏–ø–ª–∏–∫–∞—Ü–∏–æ–Ω–Ω–æ–≥–æ –ø–µ—Ä—Å–æ–Ω–∞–∂–∞ —Å –∫–æ—à–∫–æ–π –Ω–∞ –Ω–µ–º.,A painting of a person with a large eyeball. A picture of a cartoon character with a cat on it. A man dressed in a costume holding a bat. A painting of a woman holding a bird in her hand. A painting of a cat with a cartoon character on it. A woman with a mask and a cat on her head. A painting of a cat with a cartoon face. A woman with a mask and a hat on. A picture of a person with a cat on their head. A picture of a person with a cat face. A painting of a man with a face painted on his face. A statue of a man holding a bat. A painting of a man with a skateboard. A woman with a mask on holding a skateboard. A painting of a woman with a cat on her head.,A picture of a cartoon character with a cat on it.," –ë–¥—ã—â-–±–¥—ã—â! –•–æ—á—É –∑–Ω–∞—Ç—å –º–∞–≥–∏—é –≥—Ä–æ–∑—ã! –°–¥–µ–ª–∞–µ–º —ç—Ç–æ –ø–æ–∑–∂–µ. –ü–æ–∑–∂–µ? –≠—Ç–æ –∫–æ–≥–¥–∞? –ö–æ–≥–¥–∞-–∫–æ–≥–¥–∞-–∫–æ–≥–¥–∞-–∫–æ–≥–¥–∞-–∫–æ–≥–¥–∞-–∫–æ–≥–¥–∞-–∫–æ–≥–¥–∞-–∫–æ–≥–¥–∞-–∫–æ–≥–¥–∞-–∫–æ–≥–¥–∞-–∫–æ–≥–¥–∞-–∫–æ–≥–¥–∞-–∫–æ–≥–¥–∞-–∫–æ–≥–¥–∞-–∫–æ–≥–¥–∞-–∫–æ–≥–¥–∞-–∫–æ–≥–¥–∞-–∫–æ–≥–¥–∞-–∫–æ–≥–¥–∞-–∫–æ–≥–¥–∞-–∫–æ–≥–¥–∞-–∫–æ–≥–¥–∞-–∫–æ–≥–¥–∞-–∫–æ–≥–¥–∞-–∫–æ–≥–¥–∞-–∫–æ–≥–¥–∞-–∫–æ–≥–¥–∞-–∫–æ–≥–¥–∞-–∫–æ–≥–¥–∞-–∫–æ–≥–¥–∞-–∫–æ–≥–¥–∞-–∫–æ–≥–¥–∞-–∫–æ–≥–¥–∞-–∫–æ–≥–¥–∞-–∫–æ–≥–¥–∞-–∫–æ–≥–¥–∞-–∫–æ–≥–¥–∞-–∫–æ–≥–¥–∞-–∫–æ–≥–¥–∞-–∫–æ–≥–¥–∞-–∫–æ–≥–¥–∞-–∫–æ–≥–¥–∞-–∫–æ–≥–¥–∞-–∫–æ–≥–¥–∞-–∫–æ–≥–¥–∞-–∫–æ–≥–¥–∞-–∫–æ–≥–¥–∞-–∫–æ–≥–¥–∞-–∫–æ–≥–¥–∞-–∫–æ–≥–¥–∞-–∫–æ–≥–¥–∞-–∫–æ–≥–¥–∞-–∫–æ–≥–¥–∞-–∫–æ–≥–¥–∞-–∫–æ–≥–¥–∞-–∫–æ–≥–¥–∞-–∫–æ–≥–¥–∞-–∫–æ–≥–¥–∞-–∫–æ–≥–¥–∞-–∫–æ–≥–¥–∞-–∫–æ–≥–¥–∞-–∫–æ–≥–¥–∞-–∫–æ–≥–¥–∞-–∫–æ–≥–¥–∞-–∫  –ù–æ –Ω–µ –∏—Å–ø–æ–ª—å–∑—É–π –µ—ë, –ø–æ–∫–∞ –º—ã –Ω–µ –≤–µ—Ä–Ω—ë–º—Å—è. –¢—ã –º–Ω–µ –æ–±–µ—â–∞–µ—à—å? –î–∞, –Ω–µ –±—É–¥—É. –°–ø–∞—Å–∏–±–æ, –º–∞—Å—Ç–µ—Ä! –ü–æ–ø—Ä–∞–∫—Ç–∏–∫—É–µ–º—Å—è, –∫–æ–≥–¥–∞ –≤–µ—Ä–Ω—ë–º—Å—è. –ú–∞–≥–∏—è –≥—Ä–æ–∑—ã! –≠–ª–µ–∫—Ç—Ä–æ—à–æ–∫–µ—Ä!"
https://cdn-st.rutubelist.ru/media/ab/e5/a77cf9a94a78b621c7c754942b29/fhd.mp4,#—É—Ö–æ–¥–∑–∞–∫–æ–∂–µ–π #—É—Ö–æ–¥–∑–∞—Å–æ–±–æ–π #–±—å—é—Ç–∏—Ä—É—Ç–∏–Ω–∞ #–±—å—é—Ç–∏,"–ñ–µ–Ω—â–∏–Ω–∞ –≤ –±–∏–∫–∏–Ω–∏ –ø–æ–∑–∏—Ä—É–µ—Ç –¥–ª—è –∫–∞—Ä—Ç–∏–Ω—ã. –ú—É–∂—á–∏–Ω–∞ –ø—å–µ—Ç –Ω–∞–ø–∏—Ç–æ–∫ –∏ –¥–µ—Ä–∂–∏—Ç –±—É—Ç—ã–ª–∫—É. –ß–µ–ª–æ–≤–µ–∫ –≤ —à–ª—è–ø–µ –∏ –≥–∞–ª—Å—Ç—É–∫. –ú–æ–ª–æ–¥–æ–π –º–∞–ª—å—á–∏–∫ –∏–≥—Ä–∞–µ—Ç –≤ –≤–∏–¥–µ–æ–∏–≥—Ä—É. –ß–µ–ª–æ–≤–µ–∫ —Å –º–∞—Å–∫–æ–π –Ω–∞ –≥–æ–ª–æ–≤–µ, –¥–µ—Ä–∂–∞—â–∏–π –ª–∏—Å—Ç –±—É–º–∞–≥–∏. –ß–µ–ª–æ–≤–µ–∫ –≥–æ–≤–æ—Ä–∏—Ç –ø–æ –º–æ–±–∏–ª—å–Ω–æ–º—É —Ç–µ–ª–µ—Ñ–æ–Ω—É, –¥–µ—Ä–∂–∞ —á–∞—à–∫—É. –ñ–µ–Ω—â–∏–Ω–∞ –≤ —á–µ—Ä–Ω–æ–π —Ä—É–±–∞—à–∫–µ –∏ –±–µ–ª–æ–º –º–∞–π–∫–µ. –ß–µ–ª–æ–≤–µ–∫ —Å –º–∞—Å–∫–æ–π - —ç—Ç–æ –¥–µ—Ä–∂–∏—Ç –ª–∏—Å—Ç –±—É–º–∞–≥–∏. –ß–µ–ª–æ–≤–µ–∫ –≤ —à–ª—è–ø–µ —Ä–µ–∂–µ—Ç –∫—É—Å–æ–∫ —Ç–æ—Ä—Ç–∞. –ñ–µ–Ω—â–∏–Ω–∞ —Å–º–æ—Ç—Ä–∏—Ç –Ω–∞ —Å–≤–æ–π —Ç–µ–ª–µ—Ñ–æ–Ω –≤ –≤–∞–Ω–Ω–æ–π. –ñ–µ–Ω—â–∏–Ω–∞ –≤ —à–ª—è–ø–µ –∏ —á–µ—Ä–Ω–æ–π —à–ª—è–ø–µ. –ñ–µ–Ω—â–∏–Ω–∞, –¥–µ—Ä–∂–∞—â–∞—è –∑—É–±–Ω—É—é —â–µ—Ç–∫—É –≤ –ø—Ä–∞–≤–æ–π —Ä—É–∫–µ. –ß–µ–ª–æ–≤–µ–∫, –¥–µ—Ä–∂–∞—â–∏–π –±—É–º–∞–∂–Ω—É—é —Ç–∞—Ä–µ–ª–∫—É —Å –±—É–º–∞–∂–Ω–æ–π —Ç–∞—Ä–µ–ª–∫–æ–π —Å –µ–¥–æ–π. –ñ–µ–Ω—â–∏–Ω–∞ –¥–µ–ª–∞–µ—Ç —Å–µ–ª—Ñ–∏ —Å –æ—Ç–∫—Ä—ã—Ç—ã–º —Ä—Ç–æ–º. –ñ–µ–Ω—â–∏–Ω–∞ –¥–µ—Ä–∂–∏—Ç –º–æ–±–∏–ª—å–Ω—ã–π —Ç–µ–ª–µ—Ñ–æ–Ω –∏ —É–ª—ã–±–∞–µ—Ç—Å—è.",–ú–æ–ª–æ–¥–æ–π –º–∞–ª—å—á–∏–∫ –∏–≥—Ä–∞–µ—Ç –≤ –≤–∏–¥–µ–æ–∏–≥—Ä—É.,A woman in a bikini is posing for a picture. A man is drinking a drink and holding a bottle. A man wearing a hat and a tie. A young boy is playing a video game. A person with a mask on their head holding a piece of paper. A man is talking on a cell phone while holding a cup. A woman in a black shirt and a white tank top. A man with a mask on is holding a piece of paper. A man in a hat is cutting a piece of cake. A woman is looking at her phone in the bathroom. A woman wearing a hat and a black hat. A woman holding a toothbrush in her right hand. A person holding a paper plate with a paper plate of food. A woman is taking a selfie with her mouth open. A woman is holding a cell phone and smiling.,A young boy is playing a video game.," –ß—Ç–æ –º—É–∂–∏–∫–∏, –∞ —Å–µ–≥–æ–¥–Ω—è —è –ø–æ–∫–∞–∂—É —Å–≤–æ–π –±—Ä—É—Ç–∞–ª—å–Ω—ã–π —É—Ç—Ä–µ–Ω–Ω–∏–π —É—Ö–æ–¥. –ù–∞—á–∏–Ω–∞—é —è —Å –æ—á–∏—â–µ–Ω–∏—è. –° —ç–Ω–∑–∏–º–Ω–æ–π –ø—É–¥—Ä—ã. –ù–æ—á—É—é –ª–∏—Ü–æ —Ç—ë–ø–ª–æ–π –≤–æ–¥–æ–π, —Å–º—ã–≤–∞—é —Ö–æ–ª–æ–¥–Ω–æ–π, —á—Ç–æ–±—ã –≤–∑–±–æ–¥—Ä–∏—Ç—å –∫–æ–∂—É. –î–∞–ª—å—à–µ –Ω–∞–Ω–æ—à—É –ø–∞—Ç—á–∏. –ù–∞ –ø–∞—Ç—á–∏ –Ω–∞–Ω–æ—à—É –ø–∏—Ç–∞—Ç–µ–ª—å–Ω—É—é –º–∞—Å–∫—É. –ò –æ—Å—Ç–∞–≤–ª—è—é —ç—Ç–∏ –Ω–∏—à—Ç—è–∫–∏ –Ω–∞ 10 –º–∏–Ω—É—Ç. –ê –≤ —ç—Ç–æ –≤—Ä–µ–º—è –≥–æ—Ç–æ–≤–ª—é —Å–µ–±–µ –±—ã—Å—Ç—Ä—ã–π –∑–∞–≤—Ç—Ä–∞–∫. –ù–∞ –∑–∞–≤—Ç—Ä–∞–∫ —É –º–µ–Ω—è —Ñ—Ä—É–∫—Ç—ã –∏–ª–∏ –æ–≤–æ—â–∏. –û–±—è–∑–∞—Ç–µ–ª—å–Ω–æ –∫–æ—Ñ–µ. –ù–æ –ø–µ—Ä–µ–¥ —ç—Ç–∏–º —è –≤—ã–ø–∏–≤–∞—é —Å—Ç–∞–∫–∞–Ω –≤–æ–¥—ã. –ü–æ–∑–∞–≤–∏—Å—Ç–∏ –æ—Ä–≥–∞–Ω–∏–∑–º. –ü–æ—á—Ç–∏ —É–∂–µ –ø—Ä–∏—Å–æ—Ö–ª–∏. –ü–æ—Å–ª–µ —ç—Ç–æ–≥–æ –Ω–∞–Ω–æ—à—É —Ç–æ–Ω–µ—Ä –∏ –∫—Ä–µ–º. –ê —Å–µ–π—á–∞—Å –∏ –æ–±—è–∑–∞—Ç–µ–ª—å–Ω–æ SPF. –≠—Ç–æ —É –º–µ–Ω—è —É—Ö–æ–¥–∏—Ç 35 –º–∏–Ω—É—Ç –∏ –ø–æ–±–µ–∂–∞–ª –Ω–∞ –∑–∞–≤–æ–¥."
https://cdn-st.rutubelist.ru/media/f7/41/65b82be24517a0e37298975a3b07/fhd.mp4,–û–®–ò–ë–ö–ò –í –°–¢–†–ï–õ–ö–ê–•‚ùå‚úÖ –≠—Ç–æ –ø–æ—Ä—Ç–∏—Ç —Ç–≤–æ–π –º–∞–∫–∏—è–∂üò±,–ñ–µ–Ω—â–∏–Ω–∞ –≤ —á–µ—Ä–Ω–æ–π –∫—É—Ä—Ç–∫–µ –∏ –±–µ–ª–∞—è —Ä—É–±–∞—à–∫–∞. –ñ–µ–Ω—â–∏–Ω–∞ —Ñ–æ—Ç–æ–≥—Ä–∞—Ñ–∏—Ä—É–µ—Ç —Å–µ–±—è –≤ –∑–µ—Ä–∫–∞–ª–µ. –ñ–µ–Ω—â–∏–Ω–∞ —Å –º–æ–±–∏–ª—å–Ω—ã–º —Ç–µ–ª–µ—Ñ–æ–Ω–æ–º –≤ —Ä—É–∫–µ. –ñ–µ–Ω—â–∏–Ω–∞ —Å —á–µ—Ä–Ω–æ -–±–µ–ª–æ–π —Ñ–æ—Ç–æ–≥—Ä–∞—Ñ–∏–µ–π –µ–µ –ª–∏—Ü–∞. –ñ–µ–Ω—â–∏–Ω–∞ –¥–µ—Ä–∂–∏—Ç –º–æ–±–∏–ª—å–Ω—ã–π —Ç–µ–ª–µ—Ñ–æ–Ω –∫ –µ–µ –ª–∏—Ü—É. –ñ–µ–Ω—â–∏–Ω–∞ —Å –Ω–æ–∂–Ω–∏—Ü–∞–º–∏ –≤ —Ä—É–∫–µ. –ñ–µ–Ω—â–∏–Ω–∞ –≤ —á–µ—Ä–Ω–æ–π –∫—É—Ä—Ç–∫–µ –∏ —á–µ—Ä–Ω—ã–π –≥–∞–ª—Å—Ç—É–∫. –ñ–µ–Ω—â–∏–Ω–∞ –≤ —á–µ—Ä–Ω–æ–π —Ä—É–±–∞—à–∫–µ –∏ —á–µ—Ä–Ω–æ–º –≥–∞–ª—Å—Ç—É–∫–µ. –ñ–µ–Ω—â–∏–Ω–∞ –≤ —á–µ—Ä–Ω–æ–º –ø–ª–∞—Ç—å–µ —Å –±–µ–ª–æ–π –±—É–º–∞–≥–æ–π. –ñ–µ–Ω—â–∏–Ω–∞ —Å —á–µ—Ä–Ω—ã–º–∏ –≤–æ–ª–æ—Å–∞–º–∏ –∏ —Å–∏–Ω–∏–º –≥–∞–ª—Å—Ç—É–∫–æ–º. –ñ–µ–Ω—â–∏–Ω–∞ —Ä–∞–∑–≥–æ–≤–∞—Ä–∏–≤–∞–µ—Ç –ø–æ –º–æ–±–∏–ª—å–Ω–æ–º—É —Ç–µ–ª–µ—Ñ–æ–Ω—É.,–ñ–µ–Ω—â–∏–Ω–∞ —Å –º–æ–±–∏–ª—å–Ω—ã–º —Ç–µ–ª–µ—Ñ–æ–Ω–æ–º –≤ —Ä—É–∫–µ.,A woman in a black jacket and a white shirt. A woman is taking a picture of herself in a mirror. A woman with a cell phone in her hand. A woman with a black and white photo of her face. A woman is holding a cell phone up to her face. A woman with a pair of scissors in her hand. A woman in a black jacket and a black tie. A woman wearing a black shirt and a black tie. A woman in a black dress holding a white paper. A woman with a black hair and a blue tie. A woman is talking on a cell phone.,A woman with a cell phone in her hand.," –û—à–∏–±–∫–∏ –≤ —Å—Ç—Ä–µ–ª–∫–∞—Ö, –∫–æ—Ç–æ—Ä—ã–µ –ø–æ—Ä—Ç—è—Ç —Ç–≤–æ–π –º–∞–∫–∏—è–∂. –ù–µ –æ—Å—Ç–∞–≤–ª—è–π –ø—Ä–æ—Å—Ç—Ä–∞–Ω—Å—Ç–≤–æ –º–µ–∂–¥—É —Ä–µ—Å–Ω–∏—Ü–∞–º–∏ –Ω–µ–ø—Ä–æ–∫—Ä–∞—à–µ–Ω–Ω—ã–º. –¢–∞–∫ —Å—Ç—Ä–µ–ª–∫–∞ –≤—ã–≥–ª—è–¥–∏—Ç –æ—Ç–¥–µ–ª—å–Ω–æ –æ—Ç –≥–ª–∞–∑–∞. –ö–æ–Ω—á–∏–∫ —Å—Ç—Ä–µ–ª–∫–∏ –Ω–µ –¥–æ–ª–∂–µ–Ω –ø–∞–¥–∞—Ç—å. –û–Ω –≤—Å–µ–≥–¥–∞ –¥–æ–ª–∂–µ–Ω –∏–º–µ—Ç—å –≤–æ—Å—Ö–æ–¥—è—â–µ–µ –Ω–∞–ø—Ä–∞–≤–ª–µ–Ω–∏–µ. –ù–µ –ø–æ–Ω–∏–º–∞–µ—à—å –∫—É–¥–∞ –≤–µ—Å—Ç–∏? –û—Ä–∏–µ–Ω—Ç–∏—Ä—É–π—Å—è –Ω–∞ –≤–æ—Å—Ö–æ–¥—è—â—É—é –ª–∏–Ω–∏—é –±—Ä–æ–≤–∏. –ü–æ–¥—Ä–æ–±–Ω–æ —Ä–∞—Å—Å–∫–∞–∑—ã–≤–∞—é, –∫–∞–∫ —Ä–∏—Å–æ–≤–∞—Ç—å —Å—Ç—Ä–µ–ª–∫–∏ –≤ —ç—Ç–æ–º —Ä–∏–ª—Å."
https://cdn-st.rutubelist.ru/media/89/0f/84a8a71b4d249365ae19fbd1fcff/fhd.mp4,"#boobs , #bigass , #girls , #pussy , #–µ–¥–∞ , #–≥–æ—Ç–æ–≤–∫–∞ , #—Ä–µ—Ü–µ–ø—Ç ,
 #–∫—É–∫–∏–Ω–≥ , #–º–∏—Å—Ç–∏–∫–∞ , #—Å—Ç—Ä–∞—à–∏–ª–∫–∞ , #horror , #–±–∏–∑–Ω–µ—Å ,
 #–∏–Ω–≤–µ—Å—Ç–∏—Ü–∏–∏","–¢–æ—Ä—Ç –≤—ã–ø–µ–∫–∞–µ—Ç—Å—è –Ω–∞ —Å–∫–æ–≤–æ—Ä–æ–¥–µ. –ú–∏—Å–∫–∞ —Å –µ–¥–æ–π, –∫–æ—Ç–æ—Ä–∞—è –Ω–∞—Ö–æ–¥–∏—Ç—Å—è –≤ –º–∏—Å–∫–µ. –ë–µ–ª–∞—è –º–∏—Å–∫–∞, –Ω–∞–ø–æ–ª–Ω–µ–Ω–Ω–∞—è –±–µ–ª–æ–π –º–∏—Å–∫–æ–π —Å –µ–¥–æ–π. –¢–æ—Ä—Ç —Å–∏–¥–∏—Ç –Ω–∞ —Å—Ç–æ–π–∫–µ —Ä—è–¥–æ–º —Å –≤–∞–∑–æ–π. –ú–∏—Å–∫–∞ —Å –µ–¥–æ–π —Å –ª–æ–∂–∫–æ–π. –ó–µ–ª–µ–Ω–∞—è –º–∏—Å–∫–∞ —Å –∑–µ–ª–µ–Ω—ã–º —Ü–≤–µ—Ç–æ–º. –ß–µ–ª–æ–≤–µ–∫ –≤–∫–ª–∞–¥—ã–≤–∞–µ—Ç –º–∏—Å–∫—É —Å –µ–¥–æ–π –≤ –º–∏—Å–∫—É. –¢–∞—Ä–µ–ª–∫–∞ —Å –µ–¥–æ–π —Å —à–æ–∫–æ–ª–∞–¥–Ω–æ–π –Ω–∞—á–∏–Ω–∫–æ–π. –ß–µ–ª–æ–≤–µ–∫ –¥–µ—Ä–∂–∏—Ç –∫—É—Å–æ–∫ —à–æ–∫–æ–ª–∞–¥–Ω–æ–≥–æ —Ç–æ—Ä—Ç–∞. –ú–∏—Å–∫–∞ —Å –µ–¥–æ–π —Å –º–∏—Å–∫–æ–π –º–æ—Ä–æ–∂–µ–Ω–æ–≥–æ. –ú–∏—Å–∫–∞ —Å –µ–¥–æ–π, –∫–æ—Ç–æ—Ä–∞—è –Ω–∞—Ö–æ–¥–∏—Ç—Å—è –Ω–∞ —Å—Ç–æ–ª–µ. –ß–µ–ª–æ–≤–µ–∫ –¥–µ—Ä–∂–∏—Ç –º–∏—Å–∫—É —Å –º–æ—Ä–æ–∂–µ–Ω—ã–º. –ü–æ–Ω—á–∏–∫ –≤—ã–ø–µ–∫–∞–µ—Ç—Å—è –≤ –∫–∞—Å—Ç—Ä—é–ª–µ. –ú–∏—Å–∫–∞ —Å –µ–¥–æ–π —Å –∑–µ–ª–µ–Ω–æ–π –º–∏—Å–∫–æ–π. –ú–∏—Å–∫–∞ —Å –µ–¥–æ–π –≤ –º–∏—Å–∫–µ –ø–µ—Ä–µ–º–µ—à–∏–≤–∞–µ—Ç—Å—è. –ß–µ–ª–æ–≤–µ–∫ –≥–æ—Ç–æ–≤–∏—Ç –ø–æ–Ω—á–∏–∫ –Ω–∞ —Å–∫–æ–≤–æ—Ä–æ–¥–µ. –ß–∞—à–∞ —à–æ–∫–æ–ª–∞–¥–Ω–æ–≥–æ —Ç–æ—Ä—Ç–∞ —Å –ª–æ–∂–∫–æ–π. –ß–µ–ª–æ–≤–µ–∫ –¥–µ—Ä–∂–∏—Ç –≤–∏–ª–∫—É –≤ –º–∏—Å–∫–µ. –ö—Ä–∞—Å–Ω–∞—è —Ä–æ–∑–∞, —Å–∏–¥—è—â–∞—è –Ω–∞ —Å—Ç–æ–ª–µ —Ä—è–¥–æ–º —Å –≤–∞–∑–æ–π —Ü–≤–µ—Ç–æ–≤. –¢–æ—Ä—Ç –Ω–∞—Ä–µ–∑–∞–µ—Ç—Å—è –Ω–∞ –∫—É—Å–∫–∏ –Ω–∞ —Å—Ç–æ–ª–µ.",–ß–µ–ª–æ–≤–µ–∫ –≥–æ—Ç–æ–≤–∏—Ç –ø–æ–Ω—á–∏–∫ –Ω–∞ —Å–∫–æ–≤–æ—Ä–æ–¥–µ.,A cake is being baked on a pan. A bowl of food that is in a bowl. A white bowl filled with a white bowl of food. A cake is sitting on a counter next to a vase. A bowl of food with a spoon in it. A green bowl with a green flower in it. A person is putting a bowl of food into a bowl. A plate of food with a chocolate topping. A person is holding a piece of chocolate cake. A bowl of food with a bowl of ice cream. A bowl of food that is on a table. A person is holding a bowl of ice cream. A doughnut is being baked in a pan. A bowl of food with a green bowl in it. A bowl of food is being stirred in a bowl. A person is cooking a doughnut in a pan. A bowl of chocolate cake with a spoon in it. A person is holding a fork in a bowl. A red rose sitting on a table next to a vase of flowers. A cake is being cut into pieces on a table.,A person is cooking a doughnut in a pan.,
https://cdn-st.rutubelist.ru/media/a6/8c/3c8921b34ba8ae905ec143136b22/fhd.mp4,#—Å–ø–æ—Ä—Ç #–Ω–∞—Å–ø–æ—Ä—Ç–µ #—Ä–∞—Å—Ç—è–∂–∫–∞ #—Ñ–∏—Ç–Ω–µ—Å #–º–æ—Ç–∏–≤–∞—Ü–∏—è,"–ñ–µ–Ω—â–∏–Ω–∞ –∏ –º—É–∂—á–∏–Ω–∞ —Å—Ç–æ—è—Ç –Ω–∞ —Ç–µ–Ω–Ω–∏—Å–Ω–æ–º –∫–æ—Ä—Ç–µ. –ú—É–∂—á–∏–Ω–∞ –∏ –∂–µ–Ω—â–∏–Ω–∞ —Å—Ç–æ—è—Ç –Ω–∞ —Å–∫–µ–π—Ç–±–æ—Ä–¥–µ. –ñ–µ–Ω—â–∏–Ω–∞ –≤ –±–µ–ª–æ–º –ø–ª–∞—Ç—å–µ, —Å—Ç–æ—è—â–∞—è –Ω–∞ —Ç–µ–Ω–Ω–∏—Å–Ω–æ–º –∫–æ—Ä—Ç–µ. –ú—É–∂—á–∏–Ω–∞ –≤ —á–µ—Ä–Ω–æ–π –∫—É—Ä—Ç–∫–µ –¥–µ—Ä–∂–∏—Ç —Å–∫–µ–π—Ç–±–æ—Ä–¥. –ñ–µ–Ω—â–∏–Ω–∞ –∏ –º–∞–ª—å—á–∏–∫ –∏–≥—Ä–∞—é—Ç –≤ –∏–≥—Ä—É –≤ –§—Ä–∏—Å–±–∏. –ß–µ–ª–æ–≤–µ–∫ –∏–≥—Ä–∞–µ—Ç –≤ –∏–≥—Ä—É –§—Ä–∏—Å–±–∏ –Ω–∞ —Å—Ç–∞–¥–∏–æ–Ω–µ. –ü–∞—Ä–∞ –ª—é–¥–µ–π, —Å—Ç–æ—è—â–∏—Ö –Ω–∞ –≤–µ—Ä—à–∏–Ω–µ —Å–Ω–µ–∂–Ω–æ–≥–æ —Å–∫–ª–æ–Ω–∞. –ñ–µ–Ω—â–∏–Ω–∞ —Å—Ç–æ–∏—Ç –Ω–∞ —Å–∫–µ–π—Ç–±–æ—Ä–¥–µ –≤ –∑–¥–∞–Ω–∏–∏. –ñ–µ–Ω—â–∏–Ω–∞ –≤ –±–µ–ª–æ–º –ø–ª–∞—Ç—å–µ –∏–≥—Ä–∞–µ—Ç –≤ –∏–≥—Ä—É –≤ –§—Ä–∏—Å–±–∏. –ñ–µ–Ω—â–∏–Ω–∞ –≤ —á–µ—Ä–Ω–æ–º –ø–ª–∞—Ç—å–µ –Ω–∞ —Å–∫–µ–π—Ç–±–æ—Ä–¥–µ. –ß–µ–ª–æ–≤–µ–∫ –∫–∞—Ç–∞–µ—Ç—Å—è –Ω–∞ —Å–∫–µ–π—Ç–±–æ—Ä–¥–µ –≤ —Å–∫–µ–π—Ç -–ø–∞—Ä–∫–µ. –ß–µ–ª–æ–≤–µ–∫ –∫–∞—Ç–∞–µ—Ç—Å—è –≤ —Å–∫–µ–π—Ç -–ø–∞—Ä–∫–µ. –ú—É–∂—á–∏–Ω–∞ –∏ –∂–µ–Ω—â–∏–Ω–∞ –∏–≥—Ä–∞—é—Ç –≤ –∏–≥—Ä—É –≤ –§—Ä–∏—Å–±–∏. –ú—É–∂—á–∏–Ω–∞ –≤ —á–µ—Ä–Ω–æ–π –∏ –∂–µ–ª—Ç–æ–π —Ä—É–±–∞—à–∫–µ –¥–µ—Ä–∂–∏—Ç –∂–µ–ª—Ç—ã–π –∑–æ–Ω—Ç. –ú—É–∂—á–∏–Ω–∞ –∏ –∂–µ–Ω—â–∏–Ω–∞ –∏–≥—Ä–∞—é—Ç –≤ –∏–≥—Ä—É –≤ –§—Ä–∏—Å–±–∏. –ß–µ–ª–æ–≤–µ–∫ –≤ —á–µ—Ä–Ω–æ–π –∫—É—Ä—Ç–∫–µ —Å—Ç–æ–∏—Ç –Ω–∞ —Å–∫–µ–π—Ç–±–æ—Ä–¥–µ. –ñ–µ–Ω—â–∏–Ω–∞ –∏ —Ä–µ–±–µ–Ω–æ–∫ –Ω–∞ —Å–Ω–æ—É–±–æ—Ä–¥–µ. –ñ–µ–Ω—â–∏–Ω–∞ –≤ —á–µ—Ä–Ω–æ–º –ø–ª–∞—Ç—å–µ –∏–≥—Ä–∞–µ—Ç –≤ –∏–≥—Ä—É –≤ –§—Ä–∏—Å–±–∏. –ú—É–∂—á–∏–Ω–∞ –∏ –∂–µ–Ω—â–∏–Ω–∞ –Ω–∞—Ö–æ–¥—è—Ç—Å—è –Ω–∞ —Å–∫–µ–π—Ç–±–æ—Ä–¥–µ –≤ —Å–Ω–µ–≥—É. –ñ–µ–Ω—â–∏–Ω–∞ –≤ —á–µ—Ä–Ω–æ–π —Ä—É–±–∞—à–∫–µ –∏ —á–µ—Ä–Ω—ã—Ö –±—Ä—é–∫–∞—Ö –Ω–∞ —Å–∫–µ–π—Ç–±–æ—Ä–¥–µ. –ú—É–∂—á–∏–Ω–∞ –∏ –∂–µ–Ω—â–∏–Ω–∞ —Å—Ç–æ—è—Ç –≤ –∫–æ–º–Ω–∞—Ç–µ. –ü–∞—Ä–∞ –ª—é–¥–µ–π, –∏–≥—Ä–∞—é—â–∏—Ö –≤ –∏–≥—Ä—É –≤ –§—Ä–∏—Å–±–∏. –ñ–µ–Ω—â–∏–Ω–∞ –≤ –∂–µ–ª—Ç–æ–π —Ä—É–±–∞—à–∫–µ –±–µ–∂–∏—Ç –≤ —Å–Ω–µ–≥—É. –ß–µ–ª–æ–≤–µ–∫ –≤ –∂–µ–ª—Ç–æ–π —Ä—É–±–∞—à–∫–µ –∏ —á–µ—Ä–Ω—ã—Ö —à–æ—Ä—Ç–∞—Ö –¥–µ—Ä–∂–∏—Ç –∂–µ–ª—Ç—ã–π –∏ —á–µ—Ä–Ω—ã–π –≤–æ–∑–¥—É—à–Ω—ã–π –∑–º–µ–π. –ñ–µ–Ω—â–∏–Ω–∞ –≤ —á–µ—Ä–Ω–æ–º –ø–ª–∞—Ç—å–µ –∏–≥—Ä–∞–µ—Ç —Å –∂–µ–ª—Ç–æ–π –∏ —á–µ—Ä–Ω–æ–π –ø—Ç–∏—Ü–µ–π.",–ñ–µ–Ω—â–∏–Ω–∞ –≤ —á–µ—Ä–Ω–æ–π —Ä—É–±–∞—à–∫–µ –∏ —á–µ—Ä–Ω—ã—Ö –±—Ä—é–∫–∞—Ö –Ω–∞ —Å–∫–µ–π—Ç–±–æ—Ä–¥–µ.,A woman and a man are standing on a tennis court. A man and a woman are standing on a skateboard. A woman in a white dress standing on a tennis court. A man in a black jacket is holding a skateboard. A woman and a boy are playing a game of frisbee. A man is playing a game of frisbee in a stadium. A couple of people standing on top of a snow covered slope. A woman is standing on a skateboard in a building. A woman in a white dress is playing a game of frisbee. A woman in a black dress is on a skateboard. A man is riding a skateboard in a skate park. A man is skateboarding in a skate park. A man and a woman are playing a game of frisbee. A man in a black and yellow shirt is holding a yellow umbrella. A man and a woman playing a game of frisbee. A man in a black jacket is standing on a skateboard. A woman and a child are on a snowboard. A woman in a black dress is playing a game of frisbee. A man and a woman are on a skateboard in the snow. A woman in a black shirt and black pants is on a skateboard. A man and a woman are standing in a room. A couple of people playing a game of frisbee. A woman in a yellow shirt is running in the snow. A man in a yellow shirt and black shorts is holding a yellow and black kite. A woman in a black dress is playing with a yellow and black bird.,A woman in a black shirt and black pants is on a skateboard., –õ–ò–†–ò–ß–ï–°–ö–ê–Ø –ú–£–ó–´–ö–ê  –¢–†–ï–í–û–ñ–ù–ê–Ø –ú–£–ó–´–ö–ê
https://cdn-st.rutubelist.ru/media/f0/6f/d0cce3454eb89b70209b67a4d970/fhd.mp4,"–Ø –∑–∞ –±—Ä–∞—Ç—Ü, –∞ –≤—ã?","–ñ–µ–Ω—â–∏–Ω–∞ –≤ —Ä–æ–∑–æ–≤–æ–º –ø–ª–∞—Ç—å–µ —Å —Ä–æ–∑–æ–≤—ã–º —Ç–æ—Ä—Ç–æ–º. –ñ–µ–Ω—â–∏–Ω–∞ —Å —Ä—ã–∂–∏–º–∏ –≤–æ–ª–æ—Å–∞–º–∏ –∏ —Ä—ã–∂–∏–º–∏ –≥–ª–∞–∑–∞–º–∏ –≤ –∫—Ä–∞—Å–Ω–æ–º –ø–ª–∞—Ç—å–µ. –ñ–µ–Ω—â–∏–Ω–∞ —á–∏—Å—Ç–∏—Ç –∑—É–±—ã —Ä–æ–∑–æ–≤–æ–π –∑—É–±–Ω–æ–π —â–µ—Ç–∫–æ–π. –ñ–µ–Ω—â–∏–Ω–∞ —á–∏—Å—Ç–∏—Ç –∑—É–±—ã –∫–µ–∫—Å–æ–º. –ñ–µ–Ω—â–∏–Ω–∞ —Å–∏–¥–∏—Ç –∑–∞ —Å—Ç–æ–ª–æ–º —Å –∫–µ–∫—Å–æ–º –∏ –∫–µ–∫—Å–æ–º. –ò–∑–æ–±—Ä–∞–∂–µ–Ω–∏–µ —á–µ–ª–æ–≤–µ–∫–∞, —Å—Ç–æ—è—â–µ–≥–æ –ø–µ—Ä–µ–¥ –∫–∞–º–µ—Ä–æ–π. –ñ–µ–Ω—â–∏–Ω–∞ —Å —Ä—ã–∂–∏–º–∏ –≤–æ–ª–æ—Å–∞–º–∏ –∏ –∫—Ä–∞—Å–Ω–æ–π –ø–æ–º–∞–¥–æ–π. –ñ–µ–Ω—â–∏–Ω–∞ –≤—ã–¥—É–≤–∞–µ—Ç —Å–≤–µ—á–∏ –Ω–∞ —Ç–æ—Ä—Ç. –§–æ—Ç–æ–≥—Ä–∞—Ñ–∏—è —á–µ–ª–æ–≤–µ–∫–∞, —Å—Ç–æ—è—â–µ–≥–æ –ø–µ—Ä–µ–¥ —Å—Ç–µ–Ω–æ–π. –ñ–µ–Ω—â–∏–Ω–∞ —Å–∏–¥–∏—Ç –∑–∞ —Å—Ç–æ–ª–æ–º —Å –∫–µ–∫—Å–æ–º. –ö—É–∫–ª–∞ —Å –≥–æ–ª—É–±–æ–π –≥–æ–ª–æ–≤–æ–π –∏ —Ñ–∏–æ–ª–µ—Ç–æ–≤—ã–º –≥–∞–ª—Å—Ç—É–∫–æ–º. –ñ–µ–Ω—â–∏–Ω–∞, —Å–∏–¥—è—â–∞—è –∑–∞ —Å—Ç–æ–ª–æ–º —Å –∫–µ–∫—Å–∞–º–∏ –∏ –∫–µ–∫—Å–∞–º–∏. –î–µ–≤—É—à–∫–∞ —Å —Ä–æ–∑–æ–≤—ã–º —Ç–æ—Ä—Ç–æ–º —Å —Ä–æ–∑–æ–≤–æ–π –≥–ª–∞–∑—É—Ä—å—é.",–ñ–µ–Ω—â–∏–Ω–∞ —Å —Ä—ã–∂–∏–º–∏ –≤–æ–ª–æ—Å–∞–º–∏ –∏ —Ä—ã–∂–∏–º–∏ –≥–ª–∞–∑–∞–º–∏ –≤ –∫—Ä–∞—Å–Ω–æ–º –ø–ª–∞—Ç—å–µ.,A woman in a pink dress holding a pink cake. A woman with red hair and red eyes wearing a red dress. A woman brushing her teeth with a pink toothbrush. A woman is brushing her teeth with a cupcake. A woman is sitting at a table with a cupcake and a cupcake. A picture of a person standing in front of a camera. A woman with red hair and red lipstick. A woman is blowing out candles on a cake. A picture of a person standing in front of a wall. A woman is sitting at a table with a cupcake. A doll with a blue head and a purple necktie. A woman sitting at a table with cupcakes and cupcakes. A girl with a pink cake with a pink frosting.,A woman with red hair and red eyes wearing a red dress., –î–ò–ù–ê–ú–ò–ß–ù–ê–Ø –ú–£–ó–´–ö–ê
https://cdn-st.rutubelist.ru/media/e5/30/d9df4fb940939da69c0b351fa170/fhd.mp4,,"–ö–æ—à–∫–∞ —Å–∏–¥–∏—Ç –Ω–∞ —Å—Ç–æ–ª–µ —Å –∫—Ä–∞—Å–Ω—ã–º –º—è—á–æ–º. –¢–µ–¥–¥–∏ -–º–∏—à–∫–∞, —Å–∏–¥—è—â–∏–π –Ω–∞ –≤–µ—Ä—à–∏–Ω–µ –∑–µ–ª–µ–Ω–æ–≥–æ –ø–æ–ª—è. –ö–æ—à–∫–∞ —Å–∏–¥–∏—Ç –Ω–∞ –≤–µ—Ä—à–∏–Ω–µ —Å—Ç–æ–ª–∞ —Å –º—è—á–æ–º. –§–∞—Ä—à–∏—Ä–æ–≤–∞–Ω–Ω–æ–µ –∂–∏–≤–æ—Ç–Ω–æ–µ —Å –∫—Ä–∞—Å–Ω—ã–º –ª–∏—Ü–æ–º –Ω–∞ –Ω–µ–º.","–¢–µ–¥–¥–∏ -–º–∏—à–∫–∞, —Å–∏–¥—è—â–∏–π –Ω–∞ –≤–µ—Ä—à–∏–Ω–µ –∑–µ–ª–µ–Ω–æ–≥–æ –ø–æ–ª—è.",A cat is sitting on a table with a red ball. A teddy bear sitting on top of a green field. A cat sitting on top of a table with a ball. A stuffed animal with a red face on it.,A teddy bear sitting on top of a green field.,
https://cdn-st.rutubelist.ru/media/f3/1e/ff08193b402296920e2a1995bd16/fhd.mp4,,"–ú—É–∂—á–∏–Ω–∞ —Å–∏–¥–∏—Ç –Ω–∞ –∫—Ä–æ–≤–∞—Ç–∏ —Å –±–µ–ª—ã–º –ø–æ–ª–æ—Ç–µ–Ω—Ü–µ–º –Ω–∞ —à–µ–µ. –ß–µ–ª–æ–≤–µ–∫ –ª–µ–∂–∏—Ç –Ω–∞ –∫—Ä–æ–≤–∞—Ç–∏ —Å –∏–∑–æ–±—Ä–∞–∂–µ–Ω–∏–µ–º —Å–µ–±—è –Ω–∞ —Å—Ç–µ–Ω–µ. –ß–µ–ª–æ–≤–µ–∫ —Å–∏–¥–∏—Ç –Ω–∞ –∫—Ä–æ–≤–∞—Ç–∏ —Å–æ –∑–Ω–∞–∫–æ–º –Ω–∞ –Ω–µ–π. –ú—É–∂—á–∏–Ω–∞ –≤ —á–µ—Ä–Ω–æ–π —Ä—É–±–∞—à–∫–µ –∏ —á–µ—Ä–Ω—ã—Ö –±—Ä—é–∫–∞—Ö, —Å–∏–¥—è—â–∏—Ö –≤ –∫—Ä–æ–≤–∞—Ç–∏. –ñ–µ–Ω—â–∏–Ω–∞ —Å–∏–¥–∏—Ç –Ω–∞ –∫—Ä–æ–≤–∞—Ç–∏ –∏ –¥–µ—Ä–∂–∏—Ç –º–æ–±–∏–ª—å–Ω—ã–π —Ç–µ–ª–µ—Ñ–æ–Ω. –ú—É–∂—á–∏–Ω–∞ –≤ –±–µ–ª–æ–π —Ä—É–±–∞—à–∫–µ –∏ —á–µ—Ä–Ω—ã—Ö –±—Ä—é–∫–∞—Ö –ª–µ–∂–∞—Ç –≤ –ø–æ—Å—Ç–µ–ª–∏. –ñ–µ–Ω—â–∏–Ω–∞ –≤ —á–µ—Ä–Ω–æ–π –∫—É—Ä—Ç–∫–µ —Å –º–æ–±–∏–ª—å–Ω—ã–º —Ç–µ–ª–µ—Ñ–æ–Ω–æ–º. –ú—É–∂—á–∏–Ω–∞ –≤ —á–µ—Ä–Ω–æ–π —Ä—É–±–∞—à–∫–µ –∏ –æ—á–∫–∞—Ö —Ä–∞–∑–≥–æ–≤–∞—Ä–∏–≤–∞–µ—Ç –ø–æ –º–æ–±–∏–ª—å–Ω–æ–º—É —Ç–µ–ª–µ—Ñ–æ–Ω—É. –ú—É–∂—á–∏–Ω–∞ –≤ —á–µ—Ä–Ω–æ–π —Ä—É–±–∞—à–∫–µ —Å –º–æ–±–∏–ª—å–Ω—ã–º —Ç–µ–ª–µ—Ñ–æ–Ω–æ–º.",–ú—É–∂—á–∏–Ω–∞ –≤ –±–µ–ª–æ–π —Ä—É–±–∞—à–∫–µ –∏ —á–µ—Ä–Ω—ã—Ö –±—Ä—é–∫–∞—Ö –ª–µ–∂–∞—Ç –≤ –ø–æ—Å—Ç–µ–ª–∏.,A man is sitting on a bed with a white towel around his neck. A man is laying on a bed with a picture of himself on the wall. A man is sitting on a bed with a sign on it. A man in a black shirt and black pants sitting in a bed. A woman is sitting on a bed and holding a cell phone. A man in a white shirt and black pants laying in bed. A woman in a black jacket holding a cell phone. A man in a black shirt and glasses talking on a cell phone. A man in a black shirt holding a cell phone.,A man in a white shirt and black pants laying in bed., –ë–õ–Ø–¢–¨
https://cdn-st.rutubelist.ru/media/70/4b/1d7a08354550904b96695fc51c01/fhd.mp4,#—Å–ø–æ—Ä—Ç #–Ω–∞—Å–ø–æ—Ä—Ç–µ #—Ä–∞—Å—Ç—è–∂–∫–∞ #—Ñ–∏—Ç–Ω–µ—Å #–º–æ—Ç–∏–≤–∞—Ü–∏—è,"–ì—Ä—É–ø–ø–∞ –ª—é–¥–µ–π –Ω–∞ —Å–Ω–æ—É–±–æ—Ä–¥–µ –Ω–∞ —Å—Ç–∞–¥–∏–æ–Ω–µ. –ñ–µ–Ω—â–∏–Ω–∞ –≤ —á–µ—Ä–Ω–æ–π —Ä—É–±–∞—à–∫–µ –Ω–∞ –º–æ–±–∏–ª—å–Ω–æ–º —Ç–µ–ª–µ—Ñ–æ–Ω–µ. –ñ–µ–Ω—â–∏–Ω–∞ –≤ —Ä–æ–∑–æ–≤–æ–π —Ä—É–±–∞—à–∫–µ –∏ —á–µ—Ä–Ω—ã—Ö –±—Ä—é–∫–∞—Ö –Ω–∞ —Å–∫–µ–π—Ç–±–æ—Ä–¥–µ. –ú—É–∂—á–∏–Ω–∞ –≤ —á–µ—Ä–Ω–æ–π —Ä—É–±–∞—à–∫–µ –∏–≥—Ä–∞–µ—Ç –≤ –∏–≥—Ä—É –≤ –§—Ä–∏—Å–±–∏. –ñ–µ–Ω—â–∏–Ω–∞, —Å—Ç–æ—è—â–∞—è –ø–µ—Ä–µ–¥ –±–æ–ª—å—à–∏–º —ç–∫—Ä–∞–Ω–æ–º. –ñ–µ–Ω—â–∏–Ω–∞ —Å—Ç–æ–∏—Ç –Ω–∞ —Å–∫–µ–π—Ç–±–æ—Ä–¥–µ –≤ –∑–¥–∞–Ω–∏–∏. –ñ–µ–Ω—â–∏–Ω–∞ –≤ —á–µ—Ä–Ω–æ–π –∫—É—Ä—Ç–∫–µ –Ω–∞ —Å–∫–µ–π—Ç–±–æ—Ä–¥–µ. –ñ–µ–Ω—â–∏–Ω–∞ –≤ –∫—Ä–∞—Å–Ω–æ–π —Ä—É–±–∞—à–∫–µ –∏–≥—Ä–∞–µ—Ç –≤ –∏–≥—Ä—É –≤ —Ç–µ–Ω–Ω–∏—Å. –ß–µ–ª–æ–≤–µ–∫ –Ω–∞ —Å–∫–µ–π—Ç–±–æ—Ä–¥–µ –Ω–∞ —Å—Ç–∞–¥–∏–æ–Ω–µ. –ß–µ–ª–æ–≤–µ–∫ —Å–∏–¥–∏—Ç –Ω–∞ —Å–∫–µ–π—Ç–±–æ—Ä–¥–µ –ø–µ—Ä–µ–¥ –±–æ–ª—å—à–æ–π —Ç–æ–ª–ø–æ–π. –ß–µ–ª–æ–≤–µ–∫ –Ω–∞ —Å–Ω–æ—É–±–æ—Ä–¥–µ –Ω–∞ —Å—Ç–∞–¥–∏–æ–Ω–µ. –ß–µ–ª–æ–≤–µ–∫, –∫–∞—Ç–∞—è—Å—å –Ω–∞ —Å–∫–µ–π—Ç–±–æ—Ä–¥–µ –ø–æ —Å–Ω–µ–∂–Ω–æ–º—É –ø–æ–ª—É. –ú–æ–ª–æ–¥–æ–π —á–µ–ª–æ–≤–µ–∫, —Å–∏–¥—è—â–∏–π –Ω–∞ —Å–∫–µ–π—Ç–±–æ—Ä–¥–µ –Ω–∞ —Å—Ç–∞–¥–∏–æ–Ω–µ. –ú–æ–ª–æ–¥–æ–π —á–µ–ª–æ–≤–µ–∫ –≤ —Å–∏–Ω–µ–π —Ä—É–±–∞—à–∫–µ –∏ —á–µ—Ä–Ω–æ -–±–µ–ª–æ–π –ø–æ–ª–æ—Å–∞—Ç–æ–π —Ä—É–±–∞—à–∫–µ. –ß–µ–ª–æ–≤–µ–∫ –Ω–∞ —Å–∫–µ–π—Ç–±–æ—Ä–¥–µ –Ω–∞ —Å—Ç–∞–¥–∏–æ–Ω–µ. –ñ–µ–Ω—â–∏–Ω–∞ –≤ —Ä–æ–∑–æ–≤–æ–π —Ä—É–±–∞—à–∫–µ –∏ —á–µ—Ä–Ω—ã—Ö –±—Ä—é–∫–∞—Ö –∏–≥—Ä–∞–µ—Ç –≤ –∏–≥—Ä—É –Ω–∞ Wii Nintendo. –ú–æ–ª–æ–¥–æ–π —á–µ–ª–æ–≤–µ–∫ —Å–∏–¥–∏—Ç –Ω–∞ —Å–∫–µ–π—Ç–±–æ—Ä–¥–µ –Ω–∞ —Å—Ç–∞–¥–∏–æ–Ω–µ. –ú–æ–ª–æ–¥–æ–π —á–µ–ª–æ–≤–µ–∫ –≤ —à–ª–µ–º–µ –∏ –¥–µ—Ä–∂–∏—Ç –ø–ª–∞—Å—Ç–∏–∫–æ–≤—É—é —á–∞—à–∫—É. –ú–æ–ª–æ–¥–æ–π –º–∞–ª—å—á–∏–∫ –≤ —Å–∏–Ω–µ–π —Ä—É–±–∞—à–∫–µ –∏ —Å–∏–Ω–µ–π —Ä—É–±–∞—à–∫–µ.","–ñ–µ–Ω—â–∏–Ω–∞, —Å—Ç–æ—è—â–∞—è –ø–µ—Ä–µ–¥ –±–æ–ª—å—à–∏–º —ç–∫—Ä–∞–Ω–æ–º.",A group of people on a snowboard in a stadium. A woman in a black shirt is on a cell phone. A woman in a pink shirt and black pants is on a skateboard. A man in a black shirt is playing a game of frisbee. A woman standing in front of a large screen TV. A woman is standing on a skateboard in a building. A woman in a black jacket is on a skateboard. A woman in a red shirt is playing a game of tennis. A man is skateboarding in a stadium. A man is sitting on a skateboard in front of a large crowd. A person on a snowboard in a stadium. A man riding a skateboard down a snow covered floor. A young person sitting on a skateboard in a stadium. A young man wearing a blue shirt and a black and white striped shirt. A person on a skateboard in a stadium. A woman in a pink shirt and black pants is playing a game on a Nintendo Wii. A young man is sitting on a skateboard in a stadium. A young man wearing a helmet and holding a plastic cup. A young boy wearing a blue shirt and a blue shirt.,A woman standing in front of a large screen TV.," –ù—É? –ß—Ç–æ —Ç—ã —Ö–æ—á–µ—à—å —Å–∫–∞–∑–∞—Ç—å? –≠—Ç–æ —Ç–æ, —á—Ç–æ –º—ã –ø—Ä–∞–∫—Ç–∏–∫—É–µ–º —Ö–æ—Ä–µ–æ–≥—Ä–∞—Ñ–∏—é. –ù–µ–º–Ω–æ–≥–æ –Ω–µ—Å—Ç–∞–±–∏–ª—å–Ω–æ.  –í–æ—Ç —Ç–∞–∫."
https://cdn-st.rutubelist.ru/media/45/c4/88b971f7414e94d7c7f3265fc160/fhd.mp4,#–≥–µ–æ–º–µ—Ç—Ä–∏—è,"–ñ–µ–Ω—â–∏–Ω–∞ –¥–µ—Ä–∂–∏—Ç —á–µ—Ä–Ω–æ -–±–µ–ª—ã–π —Ä–∏—Å—É–Ω–æ–∫ —á–µ–ª–æ–≤–µ–∫–∞. –ß–µ–ª–æ–≤–µ–∫ –ø–µ—á–∞—Ç–∞–µ—Ç –Ω–∞ –¥–æ—Å–∫–µ. –ñ–µ–Ω—â–∏–Ω–∞ —Å—Ç–æ–∏—Ç –ø–µ—Ä–µ–¥ —á–µ—Ä–Ω–æ–π —Å—Ç–µ–Ω–æ–π. –ß–µ–ª–æ–≤–µ–∫ –Ω–∞–±–∏—Ä–∞–µ—Ç –Ω–∞ –¥–æ—Å–∫–µ. –ñ–µ–Ω—â–∏–Ω–∞ –∏—Å–ø–æ–ª—å–∑—É–µ—Ç –∫–ª–∞—Å—Å–Ω—É—é –¥–æ—Å–∫—É, —á—Ç–æ–±—ã –Ω–∞–ø–∏—Å–∞—Ç—å –±—É–º–∞–≥—É. –ñ–µ–Ω—â–∏–Ω–∞ —Å–º–æ—Ç—Ä–∏—Ç –Ω–∞ —Ä–∏—Å—É–Ω–æ–∫ –Ω–∞ —Å—Ç–µ–Ω–µ. –ß–µ–ª–æ–≤–µ–∫ —Å—Ç–æ–∏—Ç –ø–µ—Ä–µ–¥ —á–µ—Ä–Ω–æ–π —Å—Ç–µ–Ω–æ–π —Å —á–µ—Ä–Ω–æ -–±–µ–ª–æ–π –∫–∞—Ä—Ç–∏–Ω–æ–π —á–µ–ª–æ–≤–µ–∫–∞ –ñ–µ–Ω—â–∏–Ω–∞ –¥–µ—Ä–∂–∏—Ç –∫–ª–∞—Å—Å–Ω—É—é –¥–æ—Å–∫—É —Å —á–µ—Ä–Ω—ã–º —Ñ–æ–Ω–æ–º. –ñ–µ–Ω—â–∏–Ω–∞ –¥–µ—Ä–∂–∏—Ç —á–µ—Ä–Ω–æ -–±–µ–ª—ã–π —Ä–∏—Å—É–Ω–æ–∫. –ñ–µ–Ω—â–∏–Ω–∞ —Å–º–æ—Ç—Ä–∏—Ç –Ω–∞ —á–µ—Ä–Ω–æ -–±–µ–ª—É—é –∫–∞—Ä—Ç–∏–Ω—É. –ñ–µ–Ω—â–∏–Ω–∞ –∏—Å–ø–æ–ª—å–∑—É–µ—Ç –∫–ª–∞—Å—Å–Ω—É—é –¥–æ—Å–∫—É, —á—Ç–æ–±—ã –Ω–∞–ø–∏—Å–∞—Ç—å —Å–æ–æ–±—â–µ–Ω–∏–µ.","–ñ–µ–Ω—â–∏–Ω–∞ –∏—Å–ø–æ–ª—å–∑—É–µ—Ç –∫–ª–∞—Å—Å–Ω—É—é –¥–æ—Å–∫—É, —á—Ç–æ–±—ã –Ω–∞–ø–∏—Å–∞—Ç—å –±—É–º–∞–≥—É.",A woman is holding a black and white drawing of a person. A person is typing on a chalkboard. A woman is standing in front of a black wall. A person is typing on a blackboard. A woman is using a chalkboard to write a paper. A woman is looking at a drawing on a wall. A person is standing in front of a black wall with a black and white picture of a person A woman is holding a chalkboard with a black background. A woman is holding a black and white drawing. A woman is looking at a black and white picture. A woman is using a chalkboard to write a message.,A woman is using a chalkboard to write a paper.," –í—Å–µ —É–≥–ª—ã –≤ –æ–∫—Ä—É–∂–Ω–æ—Å—Ç–∏. –¶–µ–Ω—Ç—Ä–∞–ª—å–Ω—ã–π —É–≥–æ–ª —Ä–∞–≤–µ–Ω –¥—É–≥–µ, –Ω–∞ –∫–æ—Ç–æ—Ä—É—é –æ–Ω–∞ –æ–ø–∏—Ä–∞–µ—Ç—Å—è, —Ç–æ –µ—Å—Ç—å –∞–ª—å—Ñ–∞, –∞ –≤–ø–∏—Å–∞–Ω–Ω—ã–π —É–≥–æ–ª —Ä–∞–≤–µ–Ω –ø–æ–ª–æ–≤–∏–Ω–µ –¥—É–≥–∏, –Ω–∞ –∫–æ—Ç–æ—Ä—É—é –æ–Ω–∞ –æ–ø–∏—Ä–∞–µ—Ç—Å—è, —Ç–æ –µ—Å—Ç—å –∞–ª—å—Ñ–∞, –¥–µ–ª—ë–Ω–Ω–∞—è –Ω–∞ 2. –£–≥–æ–ª –º–µ–∂–¥—É —Ö–æ—Ä–¥–æ–π –∏ –∫–∞—Å–∞—Ç–µ–ª—å–Ω–æ–π —Ä–∞–≤–µ–Ω –ø–æ–ª–æ–≤–∏–Ω–µ —ç—Ç–æ–π –¥—É–≥–∏, —Ç–æ –µ—Å—Ç—å –∞–ª—å—Ñ–∞, –¥–µ–ª—ë–Ω–Ω–∞—è –Ω–∞ 2. –ê —É–≥–æ–ª –º–µ–∂–¥—É –¥–≤—É–º—è —Ö–æ—Ä–¥–∞–º–∏ —Ä–∞–≤–µ–Ω –ø–æ–ª—É—Å—É–º–º–µ –¥–≤—É—Ö —ç—Ç–∏—Ö –¥—É–≥, —Ç–æ –µ—Å—Ç—å –∞–ª—å—Ñ–∞ –ø–ª—é—Å –±–µ—Ç–∞, –¥–µ–ª—ë–Ω–Ω–∞—è –Ω–∞ 2.  –ê —É–≥–æ–ª –º–µ–∂–¥—É –¥–≤—É–º—è —Å–µ–∫—É—â–∏–º–∏ —Ä–∞–≤–µ–Ω –ø–æ–ª—É—Ä–∞–∑–Ω–æ—Å—Ç–∏ –¥–≤—É—Ö —ç—Ç–∏—Ö –¥—É–≥, —Ç–æ –µ—Å—Ç—å Œ±-Œ≤, –¥–µ–ª–µ–Ω–Ω–æ–µ –Ω–∞ 2."
https://cdn-st.rutubelist.ru/media/94/3d/ea40da9645acacf006df16b9bb75/fhd.mp4,#–±—å—é—Ç–∏ #beauty #–±—å—é—Ç–∏—Ä—É—Ç–∏–Ω–∞ #—É—Ö–æ–¥–∑–∞—Å–æ–±–æ–π #—É—Ö–æ–¥–æ–≤–∞—è–ö–æ—Å–º–µ—Ç–∏–∫–∞,–§–æ—Ç–æ–≥—Ä–∞—Ñ–∏—è —á–µ–ª–æ–≤–µ–∫–∞ —Å —Ç–∞—Ç—É–∏—Ä–æ–≤–∫–æ–π –Ω–∞ –≥—Ä—É–¥–∏. –§–æ—Ç–æ–≥—Ä–∞—Ñ–∏—è —á–µ–ª–æ–≤–µ–∫–∞ —Å —Ç–∞—Ç—É–∏—Ä–æ–≤–∫–æ–π –Ω–∞ –≥—Ä—É–¥–∏. –ò–∑–æ–±—Ä–∞–∂–µ–Ω–∏–µ –∏–≥—Ä–æ–≤–æ–π –∫–æ–Ω—Å–æ–ª–∏ Nintendo Wii. –§–æ—Ç–æ–≥—Ä–∞—Ñ–∏—è –∂–µ–Ω—â–∏–Ω—ã —Å —Ç–∞—Ç—É–∏—Ä–æ–≤–∫–æ–π –Ω–∞ –ª–∏—Ü–µ. –ö–æ—Ä–∑–∏–Ω–∞ –∫–Ω–∏–≥ –∏ –∫–Ω–∏–∂–Ω—ã–π —à–∫–∞—Ñ –Ω–∞ —Å—Ç–æ–ª–µ. –ñ–µ–Ω—â–∏–Ω–∞ —Å–º–æ—Ç—Ä–∏—Ç –Ω–∞ —Å–≤–æ–π —Ç–µ–ª–µ—Ñ–æ–Ω –Ω–∞ —Ñ–æ—Ç–æ–≥—Ä–∞—Ñ–∏–∏.,–ñ–µ–Ω—â–∏–Ω–∞ —Å–º–æ—Ç—Ä–∏—Ç –Ω–∞ —Å–≤–æ–π —Ç–µ–ª–µ—Ñ–æ–Ω –Ω–∞ —Ñ–æ—Ç–æ–≥—Ä–∞—Ñ–∏–∏.,A picture of a person with a tattoo on their chest. A picture of a man with a tattoo on his chest. A picture of a Nintendo Wii game console. A picture of a woman with a tattoo on her face. A basket of books and a book case on a table. A woman is looking at her phone in a photograph.,A woman is looking at her phone in a photograph.,
https://cdn-st.rutubelist.ru/media/f1/1b/e51475c34340b472c9757326e0a0/fhd.mp4,"#–º—É–ª—å—Ç , #–º—É–ª—å—Ç–∏–∫–∏ , #–º—É–ª—å—Ç–∏–∫ , #–º—É–ª—å—Ç—Ñ–∏–ª—å–º , #–º—É–ª—å—Ç—Ñ–∏–ª—å–º—ã , #—Å–∏–º–ø—Å–æ–Ω—ã , #–≥—Ä–∏—Ñ–∏–Ω—ã , #—Ç—Ä–∏–∫–æ—Ç–∞ , #–¥–∏—Å–Ω–µ–π","–ö–∞—Ä—Ç–∏–Ω–∞ –º—É–ª—å—Ç–∏–ø–ª–∏–∫–∞—Ü–∏–æ–Ω–Ω–æ–≥–æ –ø–µ—Ä—Å–æ–Ω–∞–∂–∞ —Å —á–∞—à–∫–æ–π –∫–æ—Ñ–µ. –§–æ—Ç–æ–≥—Ä–∞—Ñ–∏—è —á–µ–ª–æ–≤–µ–∫–∞, –¥–µ—Ä–∂–∞—â–µ–≥–æ –±—É–º–∞–∂–Ω—ã–π –ø–∞–∫–µ—Ç. –ú—É–ª—å—Ç–∏–ø–ª–∏–∫–∞—Ü–∏–æ–Ω–Ω—ã–π –ø–µ—Ä—Å–æ–Ω–∞–∂ —Å —É—Å–∞–º–∏ –∏ –∑–Ω–∞–∫–æ–º. –§–æ—Ç–æ–≥—Ä–∞—Ñ–∏—è —á–µ–ª–æ–≤–µ–∫–∞, –¥–µ—Ä–∂–∞—â–µ–≥–æ –±—É–º–∞–≥—É –∏ —á–∞—à–∫—É.",–ú—É–ª—å—Ç–∏–ø–ª–∏–∫–∞—Ü–∏–æ–Ω–Ω—ã–π –ø–µ—Ä—Å–æ–Ω–∞–∂ —Å —É—Å–∞–º–∏ –∏ –∑–Ω–∞–∫–æ–º.,A picture of a cartoon character with a cup of coffee. A picture of a person holding a paper bag. A cartoon character with a mustache and a sign. A picture of a person holding a paper and a cup.,A cartoon character with a mustache and a sign.,
https://cdn-st.rutubelist.ru/media/67/3d/4a68351245e4b14fc5049fc6ad19/fhd.mp4,#—É—Ö–æ–¥–∑–∞–∫–æ–∂–µ–π #—É—Ö–æ–¥–∑–∞—Å–æ–±–æ–π #–±—å—é—Ç–∏—Ä—É—Ç–∏–Ω–∞ #–±—å—é—Ç–∏ #–Ω–æ–≥–æ—Ç–æ—á–∫–∏ #–º–∞–Ω–∏–∫—é—Ä #–ø—Ä–∏—á–µ—Å–∫–∞ #—É–∫–ª–∞–¥–∫–∞ #—É—Ö–æ–¥ #–±—å—é—Ç–∏—Ä—É—Ç–∏–Ω–∞,–ñ–µ–Ω—â–∏–Ω–∞ —Å–æ —Å–≤–µ—Ç–ª—ã–º–∏ –≤–æ–ª–æ—Å–∞–º–∏ –∏ —Ä–æ–∑–æ–≤–æ–π –ª–µ–Ω—Ç–æ–π. –ñ–µ–Ω—â–∏–Ω–∞ —Å –∫—Ä–∞—Å–Ω–æ–π –ø–æ–≤—è–∑–∫–æ–π –∏ —Ä–æ–∑–æ–≤—ã–º–∏ –≤–æ–ª–æ—Å–∞–º–∏. –î–µ–≤—É—à–∫–∞ —Å —Ä–æ–∑–æ–≤—ã–º–∏ –≤–æ–ª–æ—Å–∞–º–∏ –∏ —Ä–æ–∑–æ–≤—ã–º —à–∞—Ä—Ñ–æ–º. –î–µ–≤—É—à–∫–∞ —Å —Ä–æ–∑–æ–≤—ã–º–∏ –≤–æ–ª–æ—Å–∞–º–∏ –∏ —Ä–æ–∑–æ–≤—ã–º –ª–∏—Ü–æ–º.,–î–µ–≤—É—à–∫–∞ —Å —Ä–æ–∑–æ–≤—ã–º–∏ –≤–æ–ª–æ—Å–∞–º–∏ –∏ —Ä–æ–∑–æ–≤—ã–º —à–∞—Ä—Ñ–æ–º.,A woman with blonde hair and a pink ribbon. A woman with a red headband and pink hair. A girl with pink hair and a pink scarf. A girl with a pink hair and a pink face.,A girl with pink hair and a pink scarf., –°—É–±—Ç–∏—Ç—Ä—ã –ø–æ–¥–≥–æ—Ç–æ–≤–∏–ª DimaTorzok
https://cdn-st.rutubelist.ru/media/e5/04/cd326b3a4ed48e25ff5f5964fc33/fhd.mp4,#–∫—Ä–∞—Å–∏–≤—ã–µ–¥–µ–≤—É—à–∫–∏ #figure #body,"–ñ–µ–Ω—â–∏–Ω–∞ –≤ —á–µ—Ä–Ω–æ–π —Ä—É–±–∞—à–∫–µ –∏ —á–µ—Ä–Ω—ã—Ö –±—Ä—é–∫–∞—Ö –ø–æ–∑–∏—Ä—É–µ—Ç –¥–ª—è –∫–∞—Ä—Ç–∏–Ω—ã. –ñ–µ–Ω—â–∏–Ω–∞, —Å—Ç–æ—è—â–∞—è –≤ –∫–æ–º–Ω–∞—Ç–µ —Å –∫–æ–Ω—Ç—Ä–æ–ª–ª–µ—Ä–æ–º Wii. –ñ–µ–Ω—â–∏–Ω–∞, —Å—Ç–æ—è—â–∞—è –≤ –∫–æ–º–Ω–∞—Ç–µ —Å –º–æ–±–∏–ª—å–Ω—ã–º —Ç–µ–ª–µ—Ñ–æ–Ω–æ–º. –ñ–µ–Ω—â–∏–Ω–∞, —Å—Ç–æ—è—â–∞—è –≤ –∫–æ–º–Ω–∞—Ç–µ —Å –∫–æ–Ω—Ç—Ä–æ–ª–ª–µ—Ä–æ–º Nintendo Wii. –ñ–µ–Ω—â–∏–Ω–∞ –≤ —á–µ—Ä–Ω–æ–π —Ä—É–±–∞—à–∫–µ –∏ –¥–∂–∏–Ω—Å–∞—Ö, —Å—Ç–æ—è—â–µ–π –≤ –∫–æ–º–Ω–∞—Ç–µ. –ñ–µ–Ω—â–∏–Ω–∞ –≤ —á–µ—Ä–Ω–æ–π —Ä—É–±–∞—à–∫–µ –∏ —á–µ—Ä–Ω—ã—Ö —à–æ—Ä—Ç–∞—Ö —Å –ø—É–ª—å—Ç–æ–º Wii. –ñ–µ–Ω—â–∏–Ω–∞ –≤ —á–µ—Ä–Ω–æ–π —Ä—É–±–∞—à–∫–µ –∏ —á–µ—Ä–Ω—ã—Ö –±—Ä—é–∫–∞—Ö —Å—Ç–æ–∏—Ç –Ω–∞ –±–µ–ª–æ–º –¥–∏–≤–∞–Ω–µ. –ñ–µ–Ω—â–∏–Ω–∞, —Å—Ç–æ—è—â–∞—è –≤ –∫–æ–º–Ω–∞—Ç–µ —Å –ø—É–ª—å—Ç–æ–º Wii.","–ñ–µ–Ω—â–∏–Ω–∞, —Å—Ç–æ—è—â–∞—è –≤ –∫–æ–º–Ω–∞—Ç–µ —Å –º–æ–±–∏–ª—å–Ω—ã–º —Ç–µ–ª–µ—Ñ–æ–Ω–æ–º.",A woman in a black shirt and black pants posing for a picture. A woman standing in a room holding a Wii controller. A woman standing in a room holding a cell phone. A woman standing in a room holding a Nintendo Wii controller. A woman in a black shirt and jeans standing in a room. A woman in a black shirt and black shorts holding a Wii remote. A woman in a black shirt and black pants is standing on a white couch. A woman standing in a room holding a Wii remote.,A woman standing in a room holding a cell phone.,
https://cdn-st.rutubelist.ru/media/7f/64/1e370ead49cf980682d62a325e8d/fhd.mp4,,"–ß–µ–ª–æ–≤–µ–∫ –≤ –∫–æ—Å—Ç—é–º–µ –∏ –≥–∞–ª—Å—Ç—É–∫–µ, —Å—Ç–æ—è—â–∏–π –ø–µ—Ä–µ–¥ –±–æ–ª—å—à–∏–º —Ä–µ–∫–ª–∞–º–Ω—ã–º —â–∏—Ç–æ–º. –ú—É–∂—á–∏–Ω–∞ —Å —á–µ—Ä–Ω–æ–π —Ä—É–±–∞—à–∫–æ–π –∏ –±–µ–ª–æ–π —Ä—É–±–∞—à–∫–æ–π. –ß–µ–ª–æ–≤–µ–∫ –≤ –∫–æ—Å—Ç—é–º–µ –∏ –≥–∞–ª—Å—Ç—É–∫–µ, —Å—Ç–æ—è—â–µ–º –≤ –∫–æ–º–Ω–∞—Ç–µ. –ß–µ–ª–æ–≤–µ–∫, –∏–¥—É—â–∏–π –ø–æ —É–ª–∏—Ü–µ —Å–æ –∑–Ω–∞–∫–æ–º –Ω–∞ –≥–æ–ª–æ–≤–µ. –ñ–µ–Ω—â–∏–Ω–∞ –≤ –∫–æ—Å—Ç—é–º–µ –∏ –≥–∞–ª—Å—Ç—É–∫–µ, –ø—Ä–æ–≥—É–ª–∏–≤–∞—è—Å—å –ø–æ —É–ª–∏—Ü–µ. –ß–µ–ª–æ–≤–µ–∫ –≤ –∫–æ—Å—Ç—é–º–µ –∏ –≥–∞–ª—Å—Ç—É–∫–µ, –∏–¥—É—â–∏–π –ø–æ —É–ª–∏—Ü–µ. –ë–æ–ª—å—à–∞—è –≥—Ä—É–ø–ø–∞ –ª—é–¥–µ–π, —Å—Ç–æ—è—â–∏—Ö –ø–µ—Ä–µ–¥ –±–æ–ª—å—à–∏–º –∑–Ω–∞–∫–æ–º. –ú—É–∂—á–∏–Ω–∞ —Å –±–æ—Ä–æ–¥–æ–π –∏ —Ñ–∏–æ–ª–µ—Ç–æ–≤–æ–π —Ä—É–±–∞—à–∫–æ–π. –†–µ–∫–ª–∞–º–Ω—ã–π —â–∏—Ç –≤ –≥–æ—Ä–æ–¥–µ —Å —á–µ–ª–æ–≤–µ–∫–æ–º –≤ –∏–Ω–≤–∞–ª–∏–¥–Ω–æ–π –∫–æ–ª—è—Å–∫–µ. –ú–æ–ª–æ–¥–æ–π —á–µ–ª–æ–≤–µ–∫ –≤ —á–µ—Ä–Ω–æ–π —Ä—É–±–∞—à–∫–µ –∏ —á–µ—Ä–Ω—ã—Ö –±—Ä—é–∫–∞—Ö —Å –∫–∞–º–µ—Ä–æ–π.",–ú—É–∂—á–∏–Ω–∞ —Å –±–æ—Ä–æ–¥–æ–π –∏ —Ñ–∏–æ–ª–µ—Ç–æ–≤–æ–π —Ä—É–±–∞—à–∫–æ–π.,A man in a suit and tie standing in front of a large billboard. A man with a black shirt and a white shirt. A man in a suit and tie standing in a room. A man walking down a street with a sign on his head. A woman in a suit and tie walking down a street. A man in a suit and tie walking down a street. A large group of people standing in front of a large sign. A man with a beard and a purple shirt. A billboard in a city with a man in a wheelchair. A young man in a black shirt and black pants holding a camera.,A man with a beard and a purple shirt.," –•–µ—Å—É—Å –Ω–∞ –¢–∞–π–º—Å–∫–≤–µ—Ä. –†–µ–∫–ª–∞–º–∞ —Ç–≤–∏—á-–∫–∞–Ω–∞–ª–∞ –•–µ—Å—É—Å–∞ –≤—á–µ—Ä–∞ –º–æ–∂–Ω–æ –±—ã–ª–æ –Ω–∞–±–ª—é–¥–∞—Ç—å –Ω–∞ –¢–∞–π–º—Å–∫–≤–µ—Ä –≤ –ù—å—é-–ô–æ—Ä–∫–µ. –ù–∞ –ø—Ä–æ—Ç—è–∂–µ–Ω–∏–∏ –≤—Å–µ–≥–æ –≤—á–µ—Ä–∞—à–Ω–µ–≥–æ –¥–Ω—è –¥–≤–∞–∂–¥—ã –≤ —á–∞—Å –Ω–∞ –≥–ª–∞–≤–Ω–æ–π —É–ª–∏—Ü–µ –ù—å—é-–ô–æ—Ä–∫–∞ –ø–æ—è–≤–ª—è–ª–∞—Å—å —Ä–µ–∫–ª–∞–º–∞ —Ç–≤–∏—á-–∫–∞–Ω–∞–ª–∞ —Ä—É—Å—Å–∫–æ–≥–æ —Å—Ç—Ä–∏–º–µ—Ä–∞ –ê–ª–µ–∫—Å–µ—è –ì—É–±—É–Ω–æ–≤–∞, –∫–æ—Ç–æ—Ä–∞—è, –∫—Å—Ç–∞—Ç–∏, –æ–±–æ—à–ª–∞—Å—å –µ–º—É —Ä–æ–≤–Ω–æ –≤ 0 –¥–æ–ª–ª–∞—Ä–æ–≤. –ö–∞–∫ –µ–º—É —ç—Ç–æ —É–¥–∞–ª–æ—Å—å, –ø–æ–∫–∞ –Ω–µ–∏–∑–≤–µ—Å—Ç–Ω–æ. –ê –≤—ã —Å–º–æ—Ç—Ä–∏—Ç–µ –•–µ—Å—É—Å–∞?"
